Contributor, Date, Amount, P/G, City, State, Zip, Employer, Occupation
ASSOC. OF WA SPIRITS & WINE DISTRIBUTORS PAC,2016-07-29,1000, G, TACOMA, WA,98402, , 
ASSOC. OF WA SPIRITS & WINE DISTRIBUTORS PAC,2016-07-29,1000, P, TACOMA, WA,98402, , 
CAMBIA HEALTH SOLUTIONS,2016-07-13,1000, P, PORTLAND, OR,97207, , 
CENTENE MANAGEMENT COMPANY LLC,2016-07-24,1000, P, TACOMA, WA,98402, , 
CREDIT UNION LEGISLATIVE ACTION FUND,2016-07-22,1000, G, SEATAC, WA,98188, , 
CREDIT UNION LEGISLATIVE ACTION FUND,2016-07-22,1000, P, SEATAC, WA,98188, , 
DELTA DENTAL OF WASHINGTON,2016-07-29,1000, G, SEATTLE, WA,98175, , 
NISQUALLY INDIAN TRIBE,2016-06-29,1000, P, OLYMPIA, WA,98513, , 
PUYALLUP TRIBE OF INDIANS,2016-07-29,1000, P, TACOMA, WA,98404, , 
RHA PAC,2016-07-11,1000, P, SEATTLE, WA,98106, , 
SEIU HEALTHCARE 775NW,2016-06-10,1000, P, SEATTLE, WA,98104, , 
SWINOMISH TRIBAL COMMUNITY,2016-07-24,1000, G, LA CONNER, WA,98257, , 
UFCW LOCAL 21 PAC,2016-06-29,1000, P, SEATTLE, WA,98134, , 
WA ALLIANCE FOR GUN RESPONSIBILITY VICTORY FUND,2016-07-29,1000, P, SEATTLE, WA,98104, , 
WA HOSPITAL PAC,2016-05-25,1000, P, SEATTLE, WA,98104, , 
WA PHYSICAL THERAPY PAC,2016-07-22,1000, G, CHENEY, WA,99004, , 
ABBVIE PAC,2015-11-16,950, P, WASHINGTON, DC,20005, , 
AMERIGROUP CORPORATION,2015-12-11,950, P, CINCINNATI, OH,45206, , 
ASTRAZENECA SERVICES,2015-11-09,950, P, WILMINGTON, DE,19850, , 
ASTRAZENECA SERVICES,2016-07-24,950, G, WILMINGTON, DE,19850, , 
CAMPAIGN FOR TRIBAL SELF-RELIANCE BY WA INDIAN GAMING ASSOC.,2015-12-07,950, P, OLYMPIA, WA,98501, , 
DALE ROBIN,2015-12-11,950, P, TACOMA, WA,98406, WHCA, CEO
DELTA DENTAL OF WASHINGTON,2015-11-02,950, P, SEATTLE, WA,98175, , 
NOVARTIS PHARMACEUTICALS CORP,2015-10-20,950, P, EAST HANOVER, NJ,7936, , 
PFIZER INC.,2015-12-07,950, G, CAMAS, WA,98607, , 
PFIZER INC.,2015-12-07,950, P, CAMAS, WA,98607, , 
PUGET SOUND ENERGY,2015-12-11,950, P, BELLEVUE, WA,98009, , 
SANOFI-AVENTIS US INC.,2015-12-11,950, P, SEATTLE, WA,981223916, , 
SEIU 1199 NW,2015-12-11,950, P, RENTON, WA,980573239, , 
SWINOMISH TRIBAL COMMUNITY,2015-10-30,950, P, LA CONNER, WA,98257, , 
WA CHIROPRACTIC TRUST,2015-12-08,950, P, SEATTLE, WA,98111, , 
WA HEALTHCARE ASSOC. PAC,2015-09-17,950, P, OLYMPIA, WA,98501, , 
WA OPTOMETRIC PAC,2015-12-11,950, P, OLYMPIA, WA,98507, , 
WA PHYSICAL THERAPY PAC,2015-10-20,950, P, CHENEY, WA,99004, , 
WASHBANK PAC,2015-12-11,950, P, SEATTLE, WA,98101, , 
WASHINGTON MEDICAL PAC,2015-12-07,950, P, SEATTLE, WA,98121, , 
WA HOUSING ALLIANCE ACTION FUND PAC,2016-07-22,750, P, SEATTLE, WA,98101, , 
ADMI,2016-07-29,500, P, SYRACUSE, NY,13220, , 
AFFORDABLE CARE INC.,2015-12-11,500, P, KINSTON, NC,28503, , 
AT&T SERVICES INC.,2015-11-16,500, P, REDMOND, WA,98052, , 
BRISTOL-MYERS SQUIBB COMPANY,2015-12-11,500, P, PRINCETON, NJ,8543, , 
CAREMARK RX INC.,2015-11-02,500, P, SACRAMENTO, CA,958142740, , 
CDWA LLC,2015-12-07,500, P, COLORADO SPRINGS, CO,809031629, , 
COMCAST FINANCIAL AGENCY CORPORATION,2015-11-09,500, P, PHILADELPHIA, PA,19103, , 
COUNCIL OF POLICE POLITICAL SUPPORT,2016-06-29,500, P, OLYMPIA, WA,98501, , 
JUSTICE FOR ALL PAC,2015-11-09,500, P, OLYMPIA, WA,98506, , 
JUSTICE FOR ALL PAC,2016-04-28,500, P, OLYMPIA, WA,98506, , 
PACIFIC DENTAL SERVICES,2015-10-20,500, P, IRVINE, CA,92614, , 
PREMERA BLUE CROSS,2015-12-08,500, P, SEATTLE, WA,98111, , 
PROFESSIONAL & TECHNICAL EMPLOYEES LOCAL 17 PAC,2016-07-13,500, P, SEATTLE, WA,98102, , 
PROLIANCE SURGEONS PAC,2016-06-10,500, P, SEATTLE, WA,98101, , 
SMILE BRANDS INC.,2015-12-07,500, P, IRVINE, CA,926184984, , 
TAKEDA PHARMACEUTICALS INC.,2015-10-30,500, P, DEERFIELD, IL,60015, , 
VULCAN INC.,2015-12-07,500, P, SEATTLE, WA,98104, , 
WA BEER & WINE DISTRIBUTORS ASSOC.,2016-07-29,500, P, OLYMPIA, WA,98507, , 
WA BEER & WINE DISTRIBUTORS ASSOC. PAC,2015-10-20,500, P, TACOMA, WA,984011631, , 
WA RESTAURANT ASSOC. PAC,2015-10-30,500, P, OLYMPIA, WA,98501, , 
WA STATE AUTO DEALERS PAC,2015-10-20,500, P, SEATTLE, WA,98138, , 
WA STATE AUTO DEALERS PAC,2016-07-22,500, P, SEATTLE, WA,98138, , 
WA TEAMSTERS LEGISLATIVE LEAGUE,2016-07-22,500, P, SEATTLE, WA,98168, , 
WALGREENS,2016-07-22,500, P, DEERFIELD, IL,60015, , 
WASHINGTON EDUCATION ASSOC. PAC,2016-06-23,500, P, FEDERAL WAY, WA,98063, , 
WA FAMILYMEDPAC,2015-11-09,475, P, BELLEVUE, WA,98005, , 
WASHBANK PAC,2016-07-29,450, G, SEATTLE, WA,98101, , 
ABBOTT LABORATORIES EMPLOYEE PAC,2015-12-11,250, P, NORTH CHICAGO, IL,60064, , 
EDWARDS DAVID,2015-12-03,250, P, TACOMA, WA,984033349, NONE, RETIRED
ELI LILLY & COMPANY,2016-06-29,250, P, SEATTLE, WA,98101, , 
FRESENIUS MANAGEMENT SERVICES INC.,2016-07-29,250, P, METAIRIE, LA,70002, , 
IZANT PHYLLIS J,2016-05-18,250, P, UNIVERSITY PLACE, WA,98467, NONE, RETIRED
KULLAND MARCELLA M,2016-05-25,250, P, TACOMA, WA,98402, SOUND OUTREACH, ACCOUNTANT
MUCKLESHOOT INDIAN TRIBE,2016-07-24,250, P, AUBURN, WA,98092, , 
NASH CASCADIA VERDE LLC,2015-09-17,250, P, SAN DIEGO, CA,92121, , 
OLSON TERESA,2015-12-11,250, P, BELLEVUE, WA,98004, NONE, RETIRED
PNW REGIONAL COUNCIL OF CARPENTERS,2016-05-25,250, P, KENT, WA,98032, , 
PNW REGIONAL COUNCIL OF CARPENTERS,2015-12-11,250, P, KENT, WA,98032, , 
RAY CHRISTINE,2015-12-03,250, P, EDGEWOOD, WA,98372, MARGULLIS & RAY ATTORNEYS AT LAW, OFFICE MANAGER
WSVMA PAC,2016-07-13,250, P, SNOQUALMIE, WA,98065, , 
A-STREET ASSOCIATES LLC,2016-07-29,230, P, FEDERAL WAY, WA,98003, , 
LOVINGER PAMELA G.,2015-12-05,200, P, OLYMPIA, WA,98502, STATE OF WASHINGTON, MANAGER
TACOMA LONGSHOREMEN CREDIT UNION,2016-07-24,200, P, TACOMA, WA,98424, , 
WA EAST ASIAN MEDICINE ASSN. PAC,2016-07-22,200, P, TUMWATER, WA,98501, , 
WOTA PAC,2015-11-16,200, P, FEDERAL WAY, WA,98023, , 
WINSLOW ALAN R,2016-05-25,125, P, TACOMA, WA,98422, NONE, RETIRED
WINSLOW KATHERINE,2016-05-25,125, P, TACOMA, WA,98422, NONE, RETIRED
BREWIS GREGORY,2016-07-08,100, P, TACOMA, WA,98403, , 
CORSO JOHN G,2016-05-31,100, P, TACOMA, WA,98403, NONE, RETIRED
CORSO JOHN GEOFFREY,2015-12-04,100, P, TACOMA, WA,98403, , 
CROCE VERA G,2016-05-13,100, P, STEILACOOM, WA,98388, , 
ESSER LUKE,2016-05-25,100, P, BELLEVUE, WA,98008, , 
HOMECARE ASSOC. OF WA PAC,2016-07-22,100, P, VANCOUVER, WA,98665, , 
JOHNSON DAVID M.  ED.D.,2015-12-10,100, P, SEATTLE, WA,98101, , 
MCCLINTOCK MARSHALL R,2016-05-26,100, P, TACOMA, WA,98403, , 
PIERCE COUNTY CENTRAL LABOR COUNCIL COPE,2016-06-29,100, P, TACOMA, WA,98409, , 
SEABROOK DAVE,2016-05-25,100, P, TACOMA, WA,98411, , 
SMABY BEVERLY P,2016-07-06,100, P, TACOMA, WA,98406, NONE, RETIRED
SMABY BEVERLY P.,2015-12-02,100, P, TACOMA, WA,98406, , 
WA STATE COMMITTEE POLITICAL EDUCATION PPP,2016-06-29,100, P, SEATTLE, WA,98144, , 
WILLIAMS JAMES H,2016-05-14,100, P, TACOMA, WA,98403, NONE, RETIRED
WILLIAMS JAMES H.,2015-12-02,100, P, TACOMA, WA,98403, , 
ASTRAZENECA SERVICES,2016-07-24,50, P, WILMINGTON, DE,19850, , 
BERGESON REBECCA A,2016-07-22,50, P, TACOMA, WA,98407, , 
CARD TERRI L,2016-05-25,50, P, TACOMA, WA,98407, , 
DAVIS LAUREN,2016-07-19,50, P, BELLEVUE, WA,98006, , 
DELTA DENTAL OF WASHINGTON,2016-07-29,50, P, SEATTLE, WA,98175, , 
FRANKLIN ROSA G,2016-07-21,50, P, TACOMA, WA,98408, , 
JARVIS MICHAEL J.,2015-12-01,50, P, TACOMA, WA,98406, , 
KUETER VINCE,2016-05-25,50, P, TACOMA, WA,98405, , 
MACDONALD ALEXIS,2016-07-22,50, P, TACOMA, WA,98417, , 
MELLO RYAN,2016-05-25,50, P, TACOMA, WA,98401, , 
NOVARTIS PHARMACEUTICALS CORP,2015-10-20,50, G, EAST HANOVER, NJ,7936, , 
SEIU 1199 NW,2016-07-22,50, P, RENTON, WA,980573239, , 
SONNTAG ALISON,2015-12-03,50, P, PORT ORCHARD, WA,98366, , 
SWINOMISH TRIBAL COMMUNITY,2016-07-24,50, P, LA CONNER, WA,98257, , 
WA PHYSICAL THERAPY PAC,2016-07-22,50, P, CHENEY, WA,99004, , 
WASHBANK PAC,2016-07-29,50, P, SEATTLE, WA,98101, , 
WASHINGTON MEDICAL PAC,2016-06-10,50, P, SEATTLE, WA,98121, , 
WILLMAN CONSTANCE P,2016-05-12,50, P, TACOMA, WA,98407, , 
DASCH ELIZABETH,2016-05-11,5, P, ANDERSON ISLAND, WA,98303, , 