Contributor, Date, Amount, P/G, City, State, Zip, Employer, Occupation
ANHEUSER BUSCH COMPANIES,2016-07-25,1000, P, VAN NUYS, CA,91406, , 
AVISTA CORP,2016-06-08,1000, P, SPOKANE, WA,99220, , 
BNSF RAILWAY COMPANY,2016-07-25,1000, P, FORT WORTH, TX,76131, , 
BNSF RAILWAY COMPANY,2016-07-25,1000, G, FORT WORTH, TX,76131, , 
BOMA PAC OF WA STATE,2016-08-01,1000, P, SEATTLE, WA,98101, , 
CREDIT UNION LEGISLATIVE ACTION FUND,2016-07-21,1000, P, SEATAC, WA,98188, , 
CREDIT UNION LEGISLATIVE ACTION FUND,2016-07-21,1000, G, SEATAC, WA,98188, , 
JAKE'S FIREWORKS INC,2016-06-08,1000, P, PITTSBURG, KS,66762, , 
KLUMPER KEVIN,2016-06-08,1000, P, CHEHALIS, WA,98532, DYNAMIC COLLECTORS INC, COLLECTION AGENT
KLUMPER RHONDA,2016-06-08,1000, P, CHEHALIS, WA,98532, DYNAMIC COLLECTORS, COLLECTION AGENT
PUGET SOUND PILOTS PAC,2016-08-01,1000, P, SEATTLE, WA,98111, , 
TRUCKING ACTION COMMITTEE,2016-07-21,1000, P, FEDERAL WAY, WA,98003, , 
TRUCKING ACTION COMMITTEE,2016-07-21,1000, G, FEDERAL WAY, WA,98003, , 
WA AFFORDABLE HOUSING COUNCIL,2016-07-27,1000, P, OLYMPIA, WA,98507, , 
WA AFFORDABLE HOUSING COUNCIL,2016-07-27,1000, G, OLYMPIA, WA,98507, , 
WA ASSOC OF VEHICLE SUBAGENTS LEG ACCT,2016-08-01,1000, P, BOTHELL, WA,98041, , 
WA BEER & WINE DISTRIBUTORS ASSOC,2016-07-25,1000, P, OLYMPIA, WA,98507, , 
WA COLLECTORS ASSOC PAC,2016-08-01,1000, P, SPOKANE, WA,99201, , 
WA RESTAURANT ASSOCIATION PAC,2016-07-14,1000, G, OLYMPIA, WA,98501, , 
WA STATE AUTO DEALERS PAC,2016-07-25,1000, G, RENTON, WA,98057, , 
WINZLER INC,2016-08-01,1000, P, MOSES LAKE, WA,98837, , 
7-ELEVEN,2015-12-11,950, P, DALLAS, TX,75201, , 
ALTRIA CLIENT SERVICES INC,2015-10-09,950, P, RICHMOND, VA,23230, , 
COMCAST FINANCIAL AGENCY CORP,2015-12-03,950, P, PHILADELPHIA, PA,19103, , 
DELTA DENTAL,2015-10-30,950, P, SEATTLE, WA,98175, , 
ENTERPRISE HOLDINGS INC PAC,2015-10-26,950, P, ST. LOUIS, MO,63105, , 
GREEN DIAMOND RESOURCE COMPANY,2015-12-11,950, P, SHELTON, WA,98584, , 
MICROSOFT,2015-10-26,950, P, FARGO, ND,58104, , 
PEMCO MUTUAL INSURANCE COMPANY,2015-10-16,950, P, SEATTLE, WA,98109, , 
PMSA WASHINGTON STATE PAC,2015-09-29,950, P, SAN FRANCISCO, CA,94104, , 
THE BOEING COMPANY PAC,2015-08-20,950, P, ARLINGTON, VA,22202, , 
THE BOEING COMPANY PAC,2016-07-30,950, G, ARLINGTON, VA,22202, , 
WA RESTAURANT ASSOCIATION PAC,2015-10-26,950, P, OLYMPIA, WA,98501, , 
WA STATE AUTO DEALERS PAC,2015-10-16,950, P, RENTON, WA,98057, , 
WASHBANKPAC,2015-12-03,950, P, SEATTLE, WA,98101, , 
WEYERHAEUSER,2015-11-15,950, P, FEDERAL WAY, WA,98063, , 
OGDEN SKIP,2016-07-30,800, P, BATTLE GROUND, WA,98604, DAN'S TRACTOR INC, OWNER
ALTRIA CLIENT SERVICES INC,2016-07-07,750, G, RICHMOND, VA,23230, , 
JOHNSON DARLENE,2015-09-29,700, P, WOODLAND, WA,98674, WOODLAND TRUCK LINES, CPA/SELF
BRISTOL-MYERS SQUIBB COMPANY,2015-11-29,500, P, HOUSTON, TX,77284, , 
CARDINAL HEALTH INC PAC,2015-11-29,500, P, DUBLIN, OH,43017, , 
JUSTICE FOR ALL PAC,2015-10-09,500, P, OLYMPIA, WA,98506, , 
JUSTICE FOR ALL PAC,2016-04-15,500, P, OLYMPIA, WA,98506, , 
MANUFACTURED HOUSING COMMUN WA PAC FUND,2016-08-01,500, P, OLYMPIA, WA,98501, , 
MILLENIUM BULK TERMINAL-LONGVIEW LLC,2016-07-21,500, P, LONGVIEW, WA,98632, , 
MILLENIUM BULK TERMINAL-LONGVIEW LLC,2015-11-22,500, P, LONGVIEW, WA,98632, , 
MONSANTO,2015-08-28,500, P, ST LOUIS, MO,63167, , 
PACIFIC INTERNATIONAL TERMINALS INC,2015-11-22,500, P, SEATTLE, WA,98124, , 
PORT BLAKELY TREE FARMS LP,2015-09-18,500, P, TUMWATER, WA,98501, , 
PORT BLAKELY TREE FARMS LP,2016-07-07,500, P, TUMWATER, WA,98501, , 
PREMERA BLUE CROSS,2016-06-10,500, P, SEATTLE, WA,98111, , 
PUBLIC SCHOOL EMPLOYEES OF WA POLITICAL FUND,2016-07-27,500, P, AUBURN, WA,98071, , 
PUGET SOUND PILOTS PAC,2016-08-01,500, G, SEATTLE, WA,98111, , 
RAI SERVICES COMPANY,2015-11-22,500, P, WINSTON-SALEM, NC,27102, , 
SABEY CORPORATION,2015-08-20,500, P, TUKWILA, WA,98168, , 
SABEY CORPORATION,2016-07-30,500, P, TUKWILA, WA,98168, , 
VULCAN INC,2015-09-18,500, P, SEATTLE, WA,98104, , 
WA STATE DENTAL PAC,2015-12-03,500, P, SEATTLE, WA,98107, , 
WSVMA-PAC,2016-06-30,500, P, SNOQUALMIE, WA,98065, , 
WASHBANKPAC,2016-07-30,450, G, SEATTLE, WA,98101, , 
FEDERAL EXPRESS PAC,2015-11-22,400, P, MEMPHIS, TN,38120, , 
GUN OWNERS ACTION LEAGUE,2016-07-07,400, P, BELLEVUE, WA,98015, , 
SNOMOBILE WA PAC,2015-11-22,400, P, CLE ELUM, WA,98922, , 
ALCOA INC EMPLOYEES VOLUNTARY PAC,2016-07-14,250, P, NEW YORK, NY,10022, , 
ALEXANDER JR JOHN,2016-05-18,250, P, CHEHALIS, WA,98532, SECURITY STATE BANK, BANKER
ALEXANDER JR JOHN,2015-09-08,250, P, CHEHALIS, WA,98532, SECURITY STATE BANK, BANKER
BOSS PUBLIC AFFAIRS CONSULTING LLC,2015-12-03,250, P, MOSES LAKE, WA,98837, , 
BP NORTH AMERICA EMPLOYEE PAC,2015-08-29,250, P, HOUSTON, TX,77079, , 
COUNCIL OF POLICE POLITICAL SUPPORT,2016-06-22,250, P, OLYMPIA, WA,98501, , 
ELI LILLY & COMPANY,2015-11-05,250, P, SEATTLE, WA,98101, , 
ELROD JERRY,2016-07-25,250, P, FEDERAL WAY, WA,98093, AMERICAN PROMOTIONAL EVENTS INC, FOUNDER
GRANT JUDY,2016-06-22,250, P, WOODLAND, WA,98674, , RETIRED
HOFF LARRY,2016-06-30,250, P, VANCOUVER, WA,98685, FIBRE FEDERAL CREDIT UNION, CEO
HOFF LARRY,2015-11-16,250, P, VANCOUVER, WA,98685, FIBRE FEDERAL CREDIT UNION, CEO
HOFF LARRY,2015-09-08,250, P, VANCOUVER, WA,98685, FIBRE FEDERAL CREDIT UNION, CEO
IQ CREDIT UNION PAC,2015-11-05,250, P, VANCOUVER, WA,98668, , 
JABUSCH JOHN,2016-05-26,250, P, VANCOUVER, WA,98668, PRO CALIBER SPORTS, OWNER
LEMMONS JOAN,2016-07-07,250, P, KELSO, WA,98626, , RETIRED
LEMMONS JOHN,2016-07-07,250, P, KELSO, WA,98626, , RETIRED
LESTER DAVID,2016-06-22,250, P, WOODLAND, WA,98674, , RETIRED
LYFT INC,2015-12-11,250, P, SAN FRANCISCO, WA,94104, , 
UP RAILROAD COMPANY,2016-07-30,250, P, OMAHA, NE,68179, , 
WEYERHAEUSER,2016-07-21,250, G, FEDERAL WAY, WA,98063, , 
AMBER CARTER GOVERNMENT RELATIONS,2015-11-22,200, P, OLYMPIA, WA,98506, , 
DAVID E HOUTEN DDS,2015-12-03,200, P, KELSO, WA,98626, , 
LEMMONS DON,2015-11-15,200, P, KELSO, WA,98626, SELF, TRUCK DRIVER
OLYMPIC RESOURCE MGMT (CP),2016-07-21,200, P, POULSBO, WA,98370, , 
WA FIRE COMMISSIONERS ASSOC,2016-05-30,200, P, OLYMPIA, WA,98507, , 
BOATMAN FAMILY PROPERTIES LLC,2015-12-03,150, P, KALAMA, WA,98625, , 
BP NORTH AMERICA EMPLOYEE PAC,2015-12-11,150, P, HOUSTON, TX,77079, , 
DEVAUL FRANK,2016-06-09,150, P, CHEHALIS, WA,98532, DEVAUL PUBLISHING INC, PUBLISHER
DOBBE BENNO,2016-05-25,125, P, WOODLAND, WA,98674, HOLLAND AMERICA BULB FARMS INC, OWENER
DOBBE KLAZINA,2016-05-25,125, P, WOODLAND, WA,98674, HOLLAND AMERICA BULB FARMS INC, OWNER
MERTEN CHRISTINA,2016-06-06,125, P, TOLEDO, WA,98591, , HOMEMAKER
MERTEN RAYMOND,2016-06-06,125, P, TOLEDO, WA,98591, TOLEDOTEL, COO
CAHOON NEIL,2016-05-13,100, P, CAMAS, WA,98607, DELTA AIRLINES INC., FLIGHT OFFICER
CAHOON NEIL,2015-09-18,100, P, CAMAS, WA,98607, , 
FOX THOMAS,2015-09-29,100, P, ETHEL, WA,98542, , 
FRESENIUS MANAGEMENT SERVICES INC,2016-07-30,100, P, METAIRIE, LA,70002, , 
FUND EDNA,2016-05-18,100, P, CENTRALIA, WA,98953, , 
HANSON THOMAS,2015-09-18,100, P, LYNNWOOD, WA,98036, , 
HAYNES ARNE,2015-09-11,100, P, LAKEWOOD, WA,98498, , 
LARSEN BRAD,2015-10-09,100, P, LONGVIEW, WA,98632, , 
LOTTO WILLIAM,2016-06-06,100, P, KENT, WA,98042, , 
LYFT INC,2016-07-21,100, P, SAN FRANCISCO, WA,94104, , 
MILL CREEK PUB,2015-10-30,100, P, BATTLE GROUND, WA,98604, , 
OUTCOMES BY LEVY,2016-05-30,100, P, KENMORE, WA,98028, , 
PURSLEY LOGGING COMPANY INC,2016-05-18,100, P, CASTLE ROCK, WA,98611, , 
QUOIDBACH ROBERT,2015-09-29,100, P, LONGVIEW, WA,98632, , 
STAMPER GARY,2016-04-01,100, P, SILVER CREEK, WA,98585, , 
THOMAS BEN,2015-11-05,100, P, WOODLAND, WA,98674, , 
VAN FLEET CHIROPRACTIC CLINIC,2015-10-09,100, P, LONGVIEW, WA,98632, , 
VAN FLEET CHIROPRACTIC CLINIC,2016-05-25,100, P, LONGVIEW, WA,98632, , 
WELLS FAMILY FARMS,2015-11-05,100, P, RIDGEFIELD, WA,98642, , 
WILCOX JIM,2015-09-29,100, P, ROY, WA,98580, , 
CHANDLER ELAINE,2016-06-06,75, P, CHEHALIS, WA,98532, , 
CHANDLER GEORGE,2016-06-06,75, P, CHEHALIS, WA,98532, , 
OUTCOMES BY LEVY,2015-11-05,75, P, KENMORE, WA,98028, , 
WEBER DENNIS,2015-12-03,75, P, LONGVIEW, WA,98632, COWLITZ COUNTY, COMMISSIONER
ALEXANDER GARY,2015-09-08,50, P, OLYMPIA, WA,98503, , 
ALTRIA CLIENT SERVICES INC,2016-07-07,50, P, RICHMOND, VA,23230, , 
BEARSE JANIS,2016-05-25,50, P, WINLOCK, WA,98596, , 
BEARSE WILLIAM,2016-05-25,50, P, WINLOCK, WA,98596, , 
CROCKER ROBERT,2015-11-05,50, P, CHEHALIS, WA,98532, , 
FEASEY CAROLYN,2015-10-16,50, P, LONGVIEW, WA,98632, , 
FEASEY CAROLYN,2016-06-09,50, P, LONGVIEW, WA,98632, , 
GROSE LEE,2016-06-06,50, P, PACKWOOD, WA,98361, , 
MEYERS CY,2016-06-10,50, P, WINLOCK, WA,98596, , 
MEYERS CY,2015-12-11,50, P, WINLOCK, WA,98596, , 
MICROSOFT,2015-10-26,50, G, FARGO, ND,58104, , 
MIELKE CARMEN,2015-09-11,50, P, BATTLE GROUND, WA,98604, , 
MIELKE CARMEN,2016-05-18,50, P, BATTLE GROUND, WA,98604, , 
MIELKE TOM,2016-05-18,50, P, BATTLE GROUND, WA,98604, , 
MIELKE TOM,2015-09-11,50, P, BATTLE GROUND, WA,98604, , 
MILLER OLGA,2016-05-26,50, P, NAPAVINE, WA,98565, , 
PIKE LIZ,2016-05-13,50, P, CAMAS, WA,98607, , 
ROSS JERRY,2015-10-26,50, P, KALAMA, WA,98625, , 
SCREEN PRINT NW INC,2016-04-01,50, P, LONGVIEW, WA,98632, , 
SONDKER BARBARA,2016-05-13,50, P, LONGVIEW, WA,98632, , 
SONDKER GORDON,2016-05-13,50, P, LONGVIEW, WA,98632, , 
THE BOEING COMPANY PAC,2016-07-30,50, P, ARLINGTON, VA,22202, , 
TSUGAWA GEORGE,2016-06-08,50, P, WOODLAND, WA,98674, , 
TSUGAWA GEORGE,2015-09-11,50, P, WOODLAND, WA,98674, , 
WA RESTAURANT ASSOCIATION PAC,2016-07-14,50, P, OLYMPIA, WA,98501, , 
WA STATE AUTO DEALERS PAC,2016-07-25,50, P, RENTON, WA,98057, , 
WASHBANKPAC,2016-07-30,50, P, SEATTLE, WA,98101, , 
WEYERHAEUSER,2016-07-21,50, P, FEDERAL WAY, WA,98063, , 
WHITE LABEL APPS INC,2016-07-07,50, P, CHEHALIS, WA,98532, , 
ZIMMERMAN LAVERNE,2016-05-13,50, P, LONGVIEW, WA,98632, , 
ZIMMERMAN NEIL,2016-05-13,50, P, LONGVIEW, WA,98632, , 
RUESTIG FARMS,2016-05-18,30, P, WOODLAND, WA,98674, , 
ANDERSON LARRY,2016-05-13,25, P, KELSO, WA,98626, , 
ANDERSON VERYL,2016-05-13,25, P, KELSO, WA,98626, , 
WEBER DENNIS,2015-11-05,25, P, LONGVIEW, WA,98632, COWLITZ COUNTY, COMMISSIONER
WEBER DENNIS,2015-09-08,25, P, LONGVIEW, WA,98632, , 
WEBER DENNIS,2015-08-03,25, P, LONGVIEW, WA,98632, , 
WEBER DENNIS,2015-10-09,25, P, LONGVIEW, WA,98632, , 
BRODERSON MIRIAM,2016-06-22,20, P, BATTLE GROUND, WA,98604, , 