Contributor, Date, Amount, P/G, City, State, Zip, Employer, Occupation
ASSOCIATED GENERAL CONTRACTORS OF WASHINGTONS BUILD PAC,2016-07-28,1000, P, SEATTLE, WA,981093528, , 
BNSF RAILWAY COMPANY,2016-08-02,1000, P, FORT WORTH, TN,76131, , 
CAMBIA,2016-07-14,1000, P, PORTLAND, OR,97207, , 
CITIZENS FOR BETTER GOVERNMENT,2016-06-22,1000, P, PUYALLUP, WA,98371, , 
CREDIT UNION LEGISLATIVE ACTION FUND,2016-08-02,1000, P, SEATAC, WA,98188, , 
CREDIT UNION LEGISLATIVE ACTION FUND,2016-08-02,1000, G, SEATAC, WA,98188, , 
GORDON STEVE,2016-05-21,1000, P, LAKE TAPPS, WA,98391, GORDON TRUCKING, OWNER
MERCK & CO INC,2016-05-24,1000, P, WHITEHOUSE STATION, NJ,0, , 
MICROSOFT,2016-08-02,1000, P, RENO, NV,89511, , 
MUCKELSHOOT INDIAN TRIBE,2016-07-25,1000, P, AUBURN, WA,98092, , 
PUYALLUP TRIBE OF INDIANS,2016-08-02,1000, P, TACOMA, WA,98404, , 
TRUCKING ACTION COMMITTEE,2016-05-18,1000, G, FEDERAL, WA,98003, , 
WASHBANK PAC,2016-08-01,1000, G, SEATTLE, WA,98101, , 
WASHINGTON AFFORDABLE HOUSING COUNCIL,2016-08-01,1000, P, OLYMPIA, WA,98507, , 
WASHINGTON AFFORDABLE HOUSING COUNCIL,2016-08-01,1000, G, OLYMPIA, WA,98507, , 
WASHINGTON BEER & WINE DISTR. ASSOC PAC,2016-07-26,1000, G, TACOMA, WA,98401, , 
WASHINGTON BEVERAGE ASSOCIATION PAC,2016-07-11,1000, G, OLYMPIA, WA,98512, , 
WASHINGTON HOSPITAL PAC,2016-06-30,1000, P, SEATTLE, WA,98104, , 
WASHINGTON MULTI FAM. H. ASSOC PAC,2016-08-01,1000, P, RENTON, WA,98057, , 
WASHINGTON RESTAURANT ASSOCIATION POLITICAL ACTION COMMITTEE,2016-07-14,1000, G, OLYMPIA, WA,985011587, , 
WASHINGTON SCHOOL PRINCIPALS LEGISLATVIE EFFECTIVENESS ASSOCIATION,2016-07-19,1000, P, OLYMPIA, WA,98507, , 
WASHINGTON STATE DENTAL PAC,2016-07-25,1000, G, SEATTLE, WA,98107, , 
ABBVIE POLITICAL ACTION COMMITTEE,2015-11-03,950, P, N CHICAGO, IL,60064, , 
ALTRIA CLIENT SERVICES INC,2015-10-07,950, P, SACRAMENTO, CA,95814, , 
BOEING COMPANY PAC,2015-09-01,950, P, ARLINGTON, VA,222024208, , 
BOEING COMPANY PAC,2016-08-01,950, G, ARLINGTON, VA,222024208, , 
DELTA DENTAL,2015-11-13,950, P, SEATTLE, WA,98101, , 
GREEN DIAMOND RESOURCE CENTER,2015-11-23,950, P, SHELTON, WA,98584, , 
KROGER,2015-12-04,950, P, CINCINNATI, OH,45202, , 
NASH CASCADIA VERDE LLC,2015-09-15,950, P, SAN DIEGO, CA,92121, , 
NRA - POLITICAL VICTORY FUND,2015-12-07,950, P, FAIRFAX, VA,220307400, , 
PFIZER INC,2015-09-15,950, P, MEMPHIS, TN,38115, , 
PFIZER INC,2015-09-15,950, G, MEMPHIS, TN,38115, , 
PUGET SOUND ENERGY,2015-12-05,950, P, BELLEVUE, WA,98009, , 
TRUCKING ACTION COMMITTEE,2015-12-07,950, P, FEDERAL, WA,98003, , 
WASHBANK PAC,2015-12-07,950, P, SEATTLE, WA,98101, , 
WASHINGTON ASSOCIATON OF REALTORS PAC,2016-05-12,950, G, OLYMPIA, WA,98507, , 
WASHINGTON ASSOCIATON OF REALTORS PAC,2015-10-07,950, P, OLYMPIA, WA,98507, , 
WASHINGTON BEVERAGE ASSOCIATION PAC,2015-09-11,950, P, OLYMPIA, WA,98512, , 
WASHINGTON CHARTERS PAC,2015-12-07,950, P, SEATTLE, WA,98111, , 
WASHINGTON MEDICAL POLITICAL ACTION COMMITTEE,2015-10-07,950, P, SEATTLE, WA,98121, , 
WASHINGTON RESTAURANT ASSOCIATION POLITICAL ACTION COMMITTEE,2015-11-16,950, P, OLYMPIA, WA,985011587, , 
WASHINGTON STATE DENTAL PAC,2015-11-13,950, P, SEATTLE, WA,98107, , 
ALTRIA CLIENT SERVICES INC,2016-07-11,750, G, SACRAMENTO, CA,95814, , 
7 - ELEVEN,2015-12-07,500, P, DALLAS, TX,75201, , 
A T & T,2015-12-07,500, P, REDMOND, WA,98052, , 
CARDINAL HEALTH INC PAC,2015-11-13,500, P, DUBLIN, OH,43017, , 
CARDINAL HEALTH INC PAC,2016-07-20,500, P, DUBLIN, OH,43017, , 
COMCAST FINANCIAL AGENCY CORP,2015-09-15,500, P, PHILADELPHIA, PA,19103, , 
DIESING CHARLES,2016-05-24,500, P, ORTING , WA,98360, NONE, RETIRED
EDUCATION MANAGEMENT II LLC,2016-06-10,500, P, PITTSBURGH, PA,15222, , 
ENTERPRISE HOLDINGS INC PAC,2016-08-01,500, P, ST LOUIS, MO,63105, , 
GRADUATE WASHINGTON PAC,2016-08-02,500, P, SEATTLE, WA,98103, , 
HEATH GREGARY,2016-05-21,500, P, PUYALLUP, WA,98371, HEATH ASSOCIATES, ENGINEER
JUSTICE FOR ALL PAC,2016-06-10,500, P, OLYMPIA, WA,98506, , 
MARINE VIEW BEVERAGE,2016-07-26,500, P, SUMNER, WA,98390, , 
MCKESSON CORPORATION,2016-07-20,500, P, CARROLLTON, TX,75006, , 
MURRAY PACIFIC MANAGEMENT INC,2015-12-07,500, P, TACOMA, WA,98402, , 
NW DAIRYMEN'S PAC,2016-07-25,500, P, SEATTLE, WA,98124, , 
OLYMPIC EAGLE DISTRIBUTING,2016-07-26,500, P, PUYALLUP, WA,98371, , 
PACIFIC DENTAL SERVICES,2016-07-29,500, P, IRVINE, CA,92614, , 
PACIFIC NORTHWEST REGIONAL COUNCIL OF CARPENTERS SSF,2016-05-12,500, P, KENT, WA,98032, , 
PEMCO MUTUAL INSURANCE COMPANY,2016-06-22,500, P, SEATTLE, WA,98109, , 
PHARMACEUTICAL RESEARCH AND MANUFACTURERS,2015-12-01,500, P, OLYMPIA, WA,98501, , 
PREMERA BLUE CROSS,2015-11-23,500, P, SEATTLE, WA,98111, , 
PREMERA BLUE CROSS,2016-06-22,500, P, SEATTLE, WA,98111, , 
RHAPAC,2016-07-19,500, P, SEATTLE, WA,98109, , 
SABEY CORPORATION,2016-07-20,500, P, SEATTLE, WA,98168, , 
SABEY CORPORATION,2015-09-01,500, P, SEATTLE, WA,98168, , 
TAKEDA,2015-10-07,500, P, DEERFIELD, IL,60015, , 
TOYOTA OF PUYALLUP,2016-07-28,500, P, PUYALLUP, WA,98371, , 
UNITED SUBCONTRACTORS ASSOCIATION MCAWW AND NECA,2016-07-25,500, P, LAKEWOOD, WA,98498, , 
WALMART,2016-07-26,500, P, PUYALLUP, WA,98374, , 
WASHINGTON BEER & WINE DISTR. ASSOC PAC,2016-07-26,500, P, TACOMA, WA,98401, , 
WASHINGTON BEER & WINE DISTR. ASSOC PAC,2015-11-16,500, P, TACOMA, WA,98401, , 
WASHINGTON FOOD INDUSTRY ASSOCIATION PAC,2015-09-15,500, P, OLYMPIA, WA,98507, , 
WASHINGTON FOOD INDUSTRY ASSOCIATION PAC,2016-08-01,500, P, OLYMPIA, WA,98507, , 
WASHINGTON MACHINISTS COUNCIL MNPL FUND,2015-12-07,500, P, SEATTLE, WA,98108, , 
WASHINGTON STATE AUTO DEALERS PAC,2015-10-19,500, P, SEATTLE, WA,98138, , 
WASHINGTON STATE AUTO DEALERS PAC,2016-07-28,500, P, SEATTLE, WA,98138, , 
WELLS FARGO & CO EMPLOYEES PAC,2015-12-07,500, P, MINNEAPOLIS, MN,55402, , 
WILLIAMS COMPANIES,2016-06-30,500, P, TULSA, OK,74121, , 
WSVMA-PAC,2016-07-11,500, P, SNOQUALMIE, WA,98065, , 
DELTA DENTAL,2016-08-01,450, G, SEATTLE, WA,98101, , 
GUN OWNERS ACTION LEAGUE,2011-07-11,400, P, BELLEVUE, WA,980150012, , 
VIDEO GAME IMPACT INC.,2015-10-19,400, P, WASHINGTON, DC,20004, , 
VULCAN INC,2015-11-23,400, P, SEATTLE, WA,98104, , 
RILEY WILLIAM,2015-11-17,350, P, PUYALLUP, WA,98373, RIEL & ASSOCIATES INC., REAL ESTATE
CARMAX AUTO SUPERSTORES INC,2016-07-20,300, P, RICHMOND, VA,23238, , 
PEMCO MUTUAL INSURANCE COMPANY,2015-11-23,300, P, SEATTLE, WA,98109, , 
ABSHER DAN,2016-05-24,250, P, PUYALLUP, WA,98374, ABSHER CONTRUCTION, CONTRUCTION MANAGEMENT
ABSHER DAN,2016-05-25,250, P, PUYALLUP, WA,98374, ABSHER CONTRUCTION, CONTRUCTION MANAGEMENT
BP NORTH AMERCA EMPLOYEE PAC,2015-09-01,250, P, HOUSTON, TN,77079, , 
BRC FAMILY LLC,2016-07-29,250, P, PUYALLUP, WA,98373, , 
CHARLSTON CORY,2016-07-10,250, P, FEDERAL WAY, WA,98003, WESTFALL-GOODEN SFO CO, FAMILY INTEREST
COONS CHERIE,2016-06-22,250, P, GIG HARBOR, WA,98335, , HOMEMAKER
COONS DAVID,2016-06-22,250, P, GIG HARBOR, WA,98335, MULTICARE, PHYSICIAN
COUNCIL OF POLICE POLITICAL SUPPORT,2016-06-22,250, P, OLYMPIA, WA,98501, , 
DELLINGER SUSAN,2015-11-16,250, P, LAKEWOOD, WA,98498, SELF EMPLOYED, DANCE STUDIO OWNER
GATEWAY REAL ESTATE,2016-07-29,250, P, PUYALLUP, WA,98373, , 
KNIGHT ANNE,2016-07-26,250, P, SEATTLE, WA,98105, , HOMEMAKER
KNIGHT STEVEN,2016-07-26,250, P, SEATTLE, WA,98105, OLYMPIC EAGLE DISTRIBUTING, CEO
MCNEELEY DION,2016-05-25,250, P, TACOMA, WA,98466, COMMERCIAL DRIVER SCHOOL, COMPANY PRESIDENT
MURRAY LAURIE,2015-12-07,250, P, TACOMA, WA,98402, MURRAY PACIFIC MANAGMENT INC, OWNER
MURRAY LT,2015-12-07,250, P, TACOMA, WA,98402, MURRAY PACIFIC MANAGMENT INC, OWNER
OUTCOMES BY LEVY,2015-12-07,250, P, KENMORE, WA,98028, , 
PACIFIC DENTAL SERVICES,2015-11-23,250, P, IRVINE, CA,92614, , 
PACIFIC NW REGIONAL COUNCIL OF CARPENTERS SSF,2015-10-19,250, P, KENT, WA,980325436, , 
PMSA WASHINGTON STATE PAC,2016-07-11,250, P, SAN FRANCISCO, CA,94104, , 
PORT BLAKELY TREE FARMS,2016-06-30,250, P, TUMWATER, WA,98501, , 
PREMERA BLUE CROSS,2016-06-22,250, G, SEATTLE, WA,98111, , 
PUGET SOUND PILOTS PAC,2016-07-28,250, P, SEATTLE, WA,98111, , 
RAI SERVICES COMPANY,2016-07-26,250, P, WINSTON-SALEM, CA,27102, , 
TESORO COMPANIES INC.,2016-08-02,250, P, ANACORTES, WA,98221, , 
VISTA PROPERTY MANAGEMENT,2016-07-29,250, P, PUYALLUP, WA,98373, , 
WA AGGREGATES & CONCRETE ASSOCIATION PAC,2016-07-29,250, P, DES MOINES, WA,98198, , 
WASHINGTON ASPHALT PAVEMENT ASSOCIATION,2015-11-16,250, P, OLYMPIA, WA,98501, , 
WELLER TROY,2016-05-21,250, P, TACOMA, WA,98445, PIERCE COUNTY SECURITY, OWNER
WASHINGTON FIRE COMMISSIONERS ASSOCIATION,2016-05-31,200, P, OLYMPIA , WA,98507, , 
WELLER TROY,2015-12-07,200, P, TACOMA, WA,98445, PIERCE COUNTY SECURITY, OWNER
WELLER TROY,2015-07-17,200, P, TACOMA, WA,98445, PIERCE COUNTY SECURITY, OWNER
CLIFFORD JASON,2016-08-02,150, P, BONNEY LAKE, WA,98391, SJC MANAGEMENT GROUP, REAL ESTATE
HANSEN MERIDIAN LLC,2016-07-25,150, P, PUYALLUP, WA,98371, , 
OUTCOMES BY LEVY,2016-06-22,150, P, KENMORE, WA,98028, , 
POPE JOE,2016-07-14,150, P, SUMNER, WA,98390, CHAMP ED CONSULTANTS INC, OWNER
SWANSON THOMAS,2015-10-23,150, P, PUYALLUP, WA,98374, CITY OF PUYALLUP, COUNCIL MEMBER
DAMMEIER BRUCE,2015-11-17,125, P, PUYALLUP, WA,98374, WA STATE SENATE, STATE SENATOR
DAMMEIER LAUREN,2015-11-17,125, P, PUYALLUP, WA,98374, N/A, HOMEMAKER
GALLION DENISE,2015-10-07,125, P, PUYALLUP, WA,98373, , HOMEMAKER
GALLION DENISE,2016-05-21,125, P, PUYALLUP, WA,98373, , HOMEMAKER
GALLION DON,2016-05-21,125, P, PUYALLUP, WA,98373, BOEING, MANAGER MCCHORD AFB
GALLION DON,2015-10-07,125, P, PUYALLUP, WA,98373, BOEING, MANAGER MCCHORD AFB
WELLER DIANA,2016-05-21,125, P, TACOMA, WA,98445, , HOMEMAKER
WELLER GLEN,2016-05-21,125, P, TACOMA, WA,98445, PACIFIC COAST SECURITY, OWNER
AZURE GREEN CONSULTANTS LLC,2016-07-29,100, P, PUYALLUP, WA,98372, , 
BROWN ROBERT,2015-12-09,100, P, LAKEWOOD, WA,98498, , RETIRED
CAPPA MARTA,2016-07-10,100, P, BONNEY LAKE, WA,98391, , 
CARSTENSEN DONNA,2016-05-21,100, P, SUMNER, WA,98390, , 
CARSTENSEN LAWRENCE,2016-05-21,100, P, SUMNER, WA,98390, , 
DIESING CHARLES,2015-07-17,100, P, ORTING , WA,98360, , 
DOWELL TODD,2016-05-24,100, P, PORT ORCHARD, WA,98367, , 
FRANTA TOM,2016-05-25,100, P, MAPLE VALLEY, WA,98038, , 
HAYS ALEX,2015-12-07,100, P, TACOMA, WA,98407, , 
HELDER MATT,2016-07-26,100, P, DUPONT, WA,98327, , 
HOGAN CARL,2015-07-17,100, P, EDGEWOOD, WA,98372, , 
HOGENSON DENNIS,2015-10-07,100, P, PUYALLUP, WA,98372, , 
HOGENSON DENNIS,2016-07-28,100, P, PUYALLUP, WA,98372, NTSB, DEPUTY DIRECTOR OF WPR
HOGENSON PATRICE,2016-07-28,100, P, PUYALLUP, WA,98372, KELLER WILLIAMS - PUYALLUP, REALTOR
HOGENSON PATRICE,2015-10-07,100, P, PUYALLUP, WA,98372, , 
LAGERGREN ERIC,2016-05-21,100, P, PUYALLUP, WA,98371, , 
LEOS JOSE,2016-05-21,100, P, TACOMA, WA,98445, RETIRED, RETIRED
LEOS JOSE,2015-10-07,100, P, TACOMA, WA,98445, , 
LOUGH MARTIN E,2016-07-29,100, P, PUYALLUP, WA,98371, , 
MAUK JANICE,2015-07-17,100, P, PUYALLUP, WA,98374, , 
MEDLOCK RONALD,2015-07-17,100, P, PUYALLUP, WA,98374, , 
MILLER LOUISE,2015-11-16,100, P, SEATTLE, WA,98109, , 
MILLER MALONE & TELLEFSON P.S,2015-12-07,100, P, TACOMA, WA,98445, , 
MILLS JOHN,2016-05-31,100, P, PUYALLUP, WA,98375, , 
MURPHY EMILY,2016-07-10,100, P, SEATTLE, WA,98122, , 
OUTCOMES BY LEVY,2015-07-28,100, P, KENMORE, WA,98028, , 
POWELL DANIEL,2015-07-17,100, P, TACOMA, WA,98465, , 
PROSSICK GEORGA,2015-12-07,100, P, PUYALLUP, WA,98371, , 
PROSSICK GEORGA,2016-07-11,100, P, PUYALLUP, WA,98371, , RETIRED
RIEL & ASSOCIATES,2016-07-28,100, P, PUYALLUP, WA,98373, , 
RODY AMY J,2016-07-29,100, P, PUYALLUP, WA,98371, , 
SCHLUMPF SHELLY,2015-12-09,100, P, PUYALLUP, WA,98372, , 
SLAYER KATHLEEN,2016-05-21,100, P, TACOMA, WA,98445, , RETIRED
SLAYER KATHLEEN,2015-10-07,100, P, TACOMA, WA,98445, , 
TAYLOR BRIANNA,2015-12-07,100, P, TACOMA, WA,98406, , 
WELLER DIANA,2015-12-07,100, P, TACOMA, WA,98445, , 
WELLER GLEN,2015-12-07,100, P, TACOMA, WA,98445, , 
WILLIAMS JAMES,2016-06-22,100, P, PUYALLUP, WA,98375, , RETIRED
ZAWISLAK FRANK,2016-05-24,100, P, PUYALLUP, WA,98373, , 
CARLEN DIANA,2015-12-07,75, P, TACOMA, WA,98406, , 
COONS MICHAEL,2016-05-25,75, P, PUYALLUP, WA,98374, , 
ETIENNE J.L.,2016-05-24,75, P, KENT, WA,98042, , RETIRED
GAETZ DEBORAH,2015-12-07,75, P, PUYALLUP, WA,98371, , 
GAETZ THOMAS,2015-12-07,75, P, PUYALLUP, WA,98371, , 
ETIENNE J.L.,2015-07-17,55, P, KENT, WA,98042, , 
ALTRIA CLIENT SERVICES INC,2016-07-11,50, P, SACRAMENTO, CA,95814, , 
ANDERSON CURTIS,2016-07-11,50, P, TACOMA, WA,98403, , 
ANDERSON LORAINE,2016-07-11,50, P, TACOMA, WA,98403, , 
ARMSTRONG SCOTT,2016-05-21,50, P, BUCKLEY, WA,98321, , 
AUSTIN ANDREW,2016-05-31,50, P, TACOMA, WA,98405, , 
BOEING COMPANY PAC,2016-08-01,50, P, ARLINGTON, VA,222024208, , 
BROWN DYLAN,2016-05-31,50, P, FEDERAL WAY, WA,98023, , 
BROWN ROBERT,2015-07-28,50, P, LAKEWOOD, WA,98498, , 
CARTER PATRICIA,2015-12-07,50, P, PUYALLUP, WA,98371, , 
CHURCH JUNIOR,2015-11-16,50, P, SILVER CREEK, WA,98585, , 
CHURCH JUNIOR,2016-06-22,50, P, SILVER CREEK, WA,98585, , 
CHURCH MARGARET,2016-06-22,50, P, SILVER CREEK, WA,98585, , 
CHURCH MARGARET,2015-11-16,50, P, SILVER CREEK, WA,98585, , 
CURTIS MARY ANN,2015-12-07,50, P, FIFE, WA,98424, , 
CURTIS TIMOTHY,2015-12-07,50, P, FIFE, WA,98424, , 
DELTA DENTAL,2016-08-01,50, P, SEATTLE, WA,98101, , 
DIXON MERILYN,2016-05-25,50, P, OLYMPIA, WA,98512, , 
DIXON RONALD,2016-05-25,50, P, OLYMPIA, WA,98512, , 
FANG MARISA,2015-11-17,50, P, SEATTLE, WA,98118, , 
GALLO FRANK,2016-05-21,50, P, PUYALLUP, WA,98373, , 
GALLO KAY,2016-05-21,50, P, PUYALLUP, WA,98373, , 
GIMMESTAD CURTIS,2016-05-21,50, P, PUYALLUP, WA,98374, , 
GIMMESTAD LISA,2016-05-21,50, P, PUYALLUP, WA,98374, , 
HOGENSON PATRICE,2016-05-21,50, P, PUYALLUP, WA,98372, KELLER WILLIAMS - PUYALLUP, REALTOR
HOLDEMAN ERIC,2016-05-25,50, P, PUYALLUP, WA,98374, , 
HOLDEMAN MARY,2016-05-25,50, P, PUYALLUP, WA,98374, , 
MAUK JANICE,2016-05-21,50, P, PUYALLUP, WA,98374, CIS OF PUYALLUP, CIS DIRECTOR
MCDONALD GARY,2016-05-21,50, P, PUYALLUP, WA,0, , 
MEDLOCK CHARLOTTE,2016-05-31,50, P, TACOMA, WA,98406, , 
MEDLOCK ROBERT,2016-05-31,50, P, TACOMA, WA,98406, , 
NASH CASCADIA VERDE LLC,2015-09-15,50, G, SAN DIEGO, CA,92121, , 
NGUYEN JOHNNY,2016-05-25,50, P, PUYALLUP, WA,98371, , 
NUTLEY ERIK,2016-06-22,50, P, BURKE, VA,22015, , 
NUTLEY MAWI,2016-06-22,50, P, BURKE, VA,22015, , 
O'BAN LANDAN,2015-10-07,50, P, LAKEWOOD, WA,98499, , 
O'BAN THOMAS,2015-10-07,50, P, SEATTLE, WA,981258437, , 
PARIS-SUNDSMO CANDY,2016-08-01,50, P, PUYALLUP, WA,98375, , 
POWELL DANIEL,2016-05-31,50, P, TACOMA, WA,98465, STAR MOVING, MOVER
RASH JORDAN,2016-05-24,50, P, UNIVERSITY PLACE, WA,98466, , 
REED MICHAEL,2016-07-11,50, P, PUYALLUP, WA,98372, , 
REED SUSAN,2016-07-11,50, P, PUYALLUP, WA,98372, , 
REIMER CHRISTI,2016-05-24,50, P, SUMNER, WA,98390, , 
REIMER MICHAEL,2016-05-24,50, P, SUMNER, WA,98390, , 
SANDERS APRIL,2016-05-31,50, P, PUYALLUP, WA,98372, , 
SHEFFER CHARLIE,2015-10-23,50, P, REDMOND, WA,98053, , 
SNOW BARBARA,2016-05-24,50, P, PUYALLUP, WA,98374, , 
SNOW SHERMAN,2016-05-24,50, P, PUYALLUP, WA,98374, , 
STEPHENS TIM,2016-07-29,50, P, PUYALLUP, WA,98374, , 
STEPHENS VAL,2016-07-29,50, P, PUYALLUP, WA,98374, , 
SWANSON THOMAS,2016-05-25,50, P, PUYALLUP, WA,98374, CITY OF PUYALLUP, COUNCIL MEMBER
THORSRUD LORI,2016-05-21,50, P, SAMAMISH, WA,98075, , 
THORSRUD LORI,2015-07-17,50, P, SAMAMISH, WA,98075, , 
THORSRUD STEVE,2016-05-21,50, P, SAMAMISH, WA,98075, , 
THORSRUD STEVEN,2015-07-17,50, P, SAMAMISH, WA,98075, , 
TRANSUE LILA,2015-12-07,50, P, TACOMA, WA,98407, , 
TRANSUE MICHAEL,2015-12-07,50, P, TACOMA, WA,98407, , 
TRUCKING ACTION COMMITTEE,2016-05-18,50, P, FEDERAL, WA,98003, , 
WASHBANK PAC,2016-08-01,50, P, SEATTLE, WA,98101, , 
WASHINGTON ASSOCIATON OF REALTORS PAC,2016-05-12,50, P, OLYMPIA, WA,98507, , 
WASHINGTON ASSOCIATON OF REALTORS PAC,2015-10-07,50, G, OLYMPIA, WA,98507, , 
WASHINGTON BEVERAGE ASSOCIATION PAC,2016-07-11,50, P, OLYMPIA, WA,98512, , 
WASHINGTON CHARTERS PAC,2015-12-07,50, G, SEATTLE, WA,98111, , 
WASHINGTON MEDICAL POLITICAL ACTION COMMITTEE,2016-07-14,50, P, SEATTLE, WA,98121, , 
WASHINGTON RESTAURANT ASSOCIATION POLITICAL ACTION COMMITTEE,2016-07-14,50, P, OLYMPIA, WA,985011587, , 
WASHINGTON STATE DENTAL PAC,2016-07-25,50, P, SEATTLE, WA,98107, , 
WHALEY CAROL,2016-05-31,50, P, PUYALLUP, WA,98373, , 
WHALEY CAROL,2015-07-28,50, P, PUYALLUP, WA,98373, , 
WHALEY GLENN,2015-07-28,50, P, PUYALLUP, WA,98373, , 
WHALEY GLENN,2016-05-31,50, P, PUYALLUP, WA,98373, , 
WILLIAMS JAMES,2015-11-17,50, P, PUYALLUP, WA,98375, , 
WINKLER MICHAEL,2016-05-21,50, P, DUPONT, WA,98327, , 
YIN PHILLIP,2016-05-18,50, P, BELLEVUE, WA,98006, , 
ZAWISLAK-MANNERS LISA,2016-05-31,50, P, PUYALLUP, WA,98371, , 
ANSETH ROGER,2015-10-07,40, P, TACOMA, WA,98445, , 
JAMES KIMBERLEY,2016-05-21,40, P, PUYALLUP, WA,98374, , 
OAKS XOA,2016-05-21,40, P, MAPLE VALLEY, WA,98038, , 
SCOTT MICHAEL,2016-05-31,40, P, PUYALLUP, WA,98374, , 
CAMPBELL DAVID,2015-12-04,37.5, P, PUYALLUP, WA,98374, , 
CAMPBELL LEILANI,2015-12-04,37.5, P, PUYALLUP, WA,98374, , 
MEYER DONALD,2015-12-07,37.5, P, SPANAWAY, WA,98387, , 
MEYER VATALIE,2015-12-07,37.5, P, SPANAWAY, WA,98387, , 
TRANSUE LILA,2016-05-21,37.5, P, TACOMA, WA,98407, , 
TRANSUE MICHAEL,2016-05-21,37.5, P, TACOMA, WA,98407, , 
LAFOUNTAIN RICHARD,2015-07-17,35, P, YELM, WA,98597, , 
MURI MARY,2016-05-21,28, P, STEILACOOM, WA,0, , 
MURI RICHARD,2016-05-21,28, P, STEILACOOM, WA,0, , 
CAMPBELL DAVID,2016-05-24,25, P, PUYALLUP, WA,98374, , 
CAMPBELL LEILANI,2016-05-24,25, P, PUYALLUP, WA,98374, , 
THORSRUD ALEXA,2016-05-25,25, P, SAMMAMISH, WA,98075, , 
WEKELL CONNIE,2016-06-22,25, P, UNIVERSITY PLACE, WA,98467, , 
WEKELL ROBERT,2016-06-22,25, P, UNIVERSITY PLACE, WA,98467, , 
BROEKER RICHARD,2016-05-31,20, P, PUYALLUP, WA,0, , 
ETIENNE J.L.,2015-07-17,20, P, KENT, WA,98042, , 
RASMUSSEN RC,2016-05-24,20, P, PUYALLUP, WA,98371, , 