District Number,District Map,District Wikipedia Map,District Wikipedia Page
1,,https://en.wikipedia.org/wiki/File:LD_01.pdf,https://en.wikipedia.org/wiki/Washington%27s_1st_legislative_district \o Washington's 1st legislative district
2,,https://en.wikipedia.org/wiki/File:LD_02.pdf,https://en.wikipedia.org/wiki/Washington%27s_2nd_legislative_district \o Washington's 2nd legislative district
3,,https://en.wikipedia.org/wiki/File:LD_03.pdf,https://en.wikipedia.org/wiki/Washington%27s_4th_legislative_district \o Washington's 4th legislative district
4,,https://en.wikipedia.org/wiki/File:LD_04.pdf,https://en.wikipedia.org/wiki/Washington%27s_5th_legislative_district \o Washington's 5th legislative district
5,,https://en.wikipedia.org/wiki/File:LD_05.pdf,https://en.wikipedia.org/wiki/Washington%27s_6th_legislative_district \o Washington's 6th legislative district
6,,https://en.wikipedia.org/wiki/File:LD_06.pdf,https://en.wikipedia.org/wiki/Washington%27s_7th_legislative_district \o Washington's 7th legislative district
7,,https://en.wikipedia.org/wiki/File:LD_07.pdf,https://en.wikipedia.org/wiki/Washington%27s_8th_legislative_district \o Washington's 8th legislative district 
8,,https://en.wikipedia.org/wiki/File:LD_08.pdf,https://en.wikipedia.org/wiki/Washington%27s_3rd_legislative_district \o Washington's 3rd legislative district
9,,https://en.wikipedia.org/wiki/File:LD_09.pdf,https://en.wikipedia.org/wiki/Washington%27s_9th_legislative_district \o Washington's 9th legislative district 
10,,https://en.wikipedia.org/wiki/File:LD_10.pdf,https://en.wikipedia.org/wiki/Washington%27s_11th_legislative_district \o Washington's 11th legislative district
11,,https://en.wikipedia.org/wiki/File:LD_11.pdf,https://en.wikipedia.org/wiki/Washington%27s_12th_legislative_district \o Washington's 12th legislative district
12,,https://en.wikipedia.org/wiki/File:LD_12.pdf,https://en.wikipedia.org/wiki/Washington%27s_10th_legislative_district \o Washington's 10th legislative district
13,,https://en.wikipedia.org/wiki/File:LD_13.pdf,https://en.wikipedia.org/wiki/Washington%27s_13th_legislative_district \o Washington's 13th legislative district
14,,https://en.wikipedia.org/wiki/File:LD_14.pdf,https://en.wikipedia.org/wiki/Washington%27s_14th_legislative_district \o Washington's 14th legislative district
15,,https://en.wikipedia.org/wiki/File:LD_15.pdf,https://en.wikipedia.org/wiki/Washington%27s_15th_legislative_district \o Washington's 15th legislative district
16,,https://en.wikipedia.org/wiki/File:LD_16.pdf,https://en.wikipedia.org/wiki/Washington%27s_16th_legislative_district \o Washington's 16th legislative district
17,,https://en.wikipedia.org/wiki/File:LD_17.pdf,https://en.wikipedia.org/wiki/Washington%27s_17th_legislative_district \o Washington's 17th legislative district
18,,https://en.wikipedia.org/wiki/File:LD_18.pdf,https://en.wikipedia.org/wiki/Washington%27s_18th_legislative_district \o Washington's 18th legislative district 
19,,https://en.wikipedia.org/wiki/File:LD_19.pdf,https://en.wikipedia.org/wiki/Washington%27s_19th_legislative_district \o Washington's 19th legislative district
20,,https://en.wikipedia.org/wiki/File:LD_20.pdf,https://en.wikipedia.org/wiki/Washington%27s_20th_legislative_district \o Washington's 20th legislative district
21,,https://en.wikipedia.org/wiki/File:LD_21.pdf,https://en.wikipedia.org/wiki/Washington%27s_21st_legislative_district \o Washington's 21st legislative district
22,,https://en.wikipedia.org/wiki/File:LD_22.pdf,https://en.wikipedia.org/wiki/Washington%27s_22nd_legislative_district \o Washington's 22nd legislative district
23,,https://en.wikipedia.org/wiki/File:LD_23.pdf,https://en.wikipedia.org/wiki/Washington%27s_23rd_legislative_district \o Washington's 23rd legislative district 
24,,https://en.wikipedia.org/wiki/File:LD_24.pdf,https://en.wikipedia.org/wiki/Washington%27s_24th_legislative_district \o Washington's 24th legislative district
25,,https://en.wikipedia.org/wiki/File:LD_25.pdf,https://en.wikipedia.org/wiki/Washington%27s_25th_legislative_district \o Washington's 25th legislative district
26,,https://en.wikipedia.org/wiki/File:LD_26.pdf,https://en.wikipedia.org/wiki/Washington%27s_26th_legislative_district \o Washington's 26th legislative district
27,,https://en.wikipedia.org/wiki/File:LD_27.pdf,https://en.wikipedia.org/wiki/Washington%27s_27th_legislative_district \o Washington's 27th legislative district 
28,,https://en.wikipedia.org/wiki/File:LD_28.pdf,https://en.wikipedia.org/wiki/Washington%27s_28th_legislative_district \o Washington's 28th legislative district
29,,https://en.wikipedia.org/wiki/File:LD_29.pdf,https://en.wikipedia.org/wiki/Washington%27s_29th_legislative_district \o Washington's 29th legislative district
30,,https://en.wikipedia.org/wiki/File:LD_30.pdf,https://en.wikipedia.org/wiki/Washington%27s_30th_legislative_district \o Washington's 30th legislative district
31,,https://en.wikipedia.org/wiki/File:LD_31.pdf,https://en.wikipedia.org/wiki/Washington%27s_31st_legislative_district \o Washington's 31st legislative district
32,,https://en.wikipedia.org/wiki/File:LD_32.pdf,https://en.wikipedia.org/wiki/Washington%27s_32nd_legislative_district \o Washington's 32nd legislative district
33,,https://en.wikipedia.org/wiki/File:LD_33.pdf,https://en.wikipedia.org/wiki/Washington%27s_33rd_legislative_district \o Washington's 33rd legislative district
34,,https://en.wikipedia.org/wiki/File:LD_34.pdf,https://en.wikipedia.org/wiki/Washington%27s_34th_legislative_district \o Washington's 34th legislative district
35,,https://en.wikipedia.org/wiki/File:LD_35.pdf,https://en.wikipedia.org/wiki/Washington%27s_35th_legislative_district \o Washington's 35th legislative district
36,,https://en.wikipedia.org/wiki/File:LD_36.pdf,https://en.wikipedia.org/wiki/Washington%27s_36th_legislative_district \o Washington's 36th legislative district 
37,,https://en.wikipedia.org/wiki/File:LD_37.pdf,https://en.wikipedia.org/wiki/Washington%27s_37th_legislative_district \o Washington's 37th legislative district
38,,https://en.wikipedia.org/wiki/File:LD_38.pdf,https://en.wikipedia.org/wiki/Washington%27s_38th_legislative_district \o Washington's 38th legislative district
39,,https://en.wikipedia.org/wiki/File:LD_39.pdf,https://en.wikipedia.org/wiki/Washington%27s_39th_legislative_district \o Washington's 39th legislative district 
40,,https://en.wikipedia.org/wiki/File:LD_40.pdf,https://en.wikipedia.org/wiki/Washington%27s_40th_legislative_district \o Washington's 40th legislative district
41,,https://en.wikipedia.org/wiki/File:LD_41.pdf,https://en.wikipedia.org/wiki/Washington%27s_41st_legislative_district \o Washington's 41st legislative district
42,,https://en.wikipedia.org/wiki/File:LD_42.pdf,https://en.wikipedia.org/wiki/Washington%27s_42nd_legislative_district \o Washington's 42nd legislative district
43,,https://en.wikipedia.org/wiki/File:LD_43.pdf,https://en.wikipedia.org/wiki/Washington%27s_43rd_legislative_district \o Washington's 43rd legislative district
44,,https://en.wikipedia.org/wiki/File:LD_44.pdf,https://en.wikipedia.org/wiki/Washington%27s_44th_legislative_district \o Washington's 44th legislative district 
45,,https://en.wikipedia.org/wiki/File:LD_45.pdf,https://en.wikipedia.org/wiki/Washington%27s_45th_legislative_district \o Washington's 45th legislative district
46,,https://en.wikipedia.org/wiki/File:LD_46.pdf,https://en.wikipedia.org/wiki/Washington%27s_46th_legislative_district \o Washington's 46th legislative district
47,,https://en.wikipedia.org/wiki/File:LD_47.pdf,https://en.wikipedia.org/wiki/Washington%27s_47th_legislative_district \o Washington's 47th legislative district
48,,https://en.wikipedia.org/wiki/File:LD_48.pdf,https://en.wikipedia.org/wiki/Washington%27s_48th_legislative_district \o Washington's 48th legislative district 
49,,https://en.wikipedia.org/wiki/File:LD_49.pdf,https://en.wikipedia.org/wiki/Washington%27s_49th_legislative_district \o Washington's 49th legislative district
