WEBCODES,POLITICIAN,DISTRICT,OFFICE,POSITION,PARTY,DECLARED,MONEY,DONATIONS,CUCKOLD,,WEBCODES,POLITICIAN,DISTRICT,OFFICE,POSITION,PARTY,DECLARED,MONEY,DONATIONS,CUCKOLD,,TRUE,TRUE,TRUE,TRUE,TRUE,TRUE,TRUE,TRUE,TRUE,TRUE
QkFSVEUgIDAxMg,BARTON EDWARD J,1,STATE SENATOR,&nbsp;,R,5996,5996,37,41.27751835,,QkFSVEUgIDAxMg,BARTON EDWARD J,1,STATE SENATOR,&nbsp;,R,5996,5996,37,41.27751835,,TRUE,TRUE,TRUE,TRUE,TRUE,TRUE,TRUE,TRUE,TRUE,TRUE
Q09EQUEgIDE1NQ,CODAY ARTHUR C JR,1,STATE SENATOR,&nbsp;,R,0,0,0,null,,Q09EQUEgIDE1NQ,CODAY ARTHUR C JR,1,STATE SENATOR,&nbsp;,R,0,0,0,null,,TRUE,TRUE,TRUE,TRUE,TRUE,TRUE,TRUE,TRUE,TRUE,TRUE
TUNBVVIgIDAxMQ,MCAULIFFE ROSEMARY A,1,STATE SENATOR,&nbsp;,D,65547.26,66033.32,102,83.98790187,,TUNBVVIgIDAxMQ,MCAULIFFE ROSEMARY A,1,STATE SENATOR,&nbsp;,D,65547.26,66033.32,102,83.98790187,,TRUE,TRUE,TRUE,TRUE,TRUE,TRUE,TRUE,TRUE,TRUE,TRUE
TU9TQ0wyIDA0Mw,MOSCOSO LUIS S,1,STATE SENATOR,&nbsp;,D,83598.19,60564.97,180,92.17704558,,TU9TQ0wyIDA0Mw,MOSCOSO LUIS S,1,STATE SENATOR,&nbsp;,D,83598.19,60564.97,180,92.17704558,,TRUE,TRUE,TRUE,TRUE,TRUE,TRUE,TRUE,TRUE,TRUE,TRUE
V0lSVE0gIDA0MQ,WIRTH MINDIE L,1,STATE SENATOR,&nbsp;,R,72122.34,71797.34,114,77.5362987,,V0lSVE0gIDA0MQ,WIRTH MINDIE L,1,STATE SENATOR,&nbsp;,R,72122.34,71797.34,114,77.5362987,,TRUE,TRUE,TRUE,TRUE,TRUE,TRUE,TRUE,TRUE,TRUE,TRUE
UEFMVUcyIDA3Mg,PALUMBO GUY F,1,STATE SENATOR,&nbsp;,D,94288.79,94288.79,158,90.78597785,,UEFMVUcyIDA3Mg,PALUMBO GUY F,1,STATE SENATOR,&nbsp;,D,94288.79,94288.79,158,90.78597785,,TRUE,TRUE,TRUE,TRUE,TRUE,TRUE,TRUE,TRUE,TRUE,TRUE
U1RBTkQgIDA0MQ,STANFORD DEREK C,1,STATE REPRESENTATIVE,1,D,72842,72832,139,68.28317223,,U1RBTkQgIDA0MQ,STANFORD DEREK C,1,STATE REPRESENTATIVE,1,D,72842,72832,139,68.28317223,,TRUE,TRUE,TRUE,TRUE,TRUE,TRUE,TRUE,TRUE,TRUE,TRUE
U1VHSUsgIDA0Mw,SUGIYAMA KAZUAKI,1,STATE REPRESENTATIVE,1,D,0,0,0,null,,U1VHSUsgIDA0Mw,SUGIYAMA KAZUAKI,1,STATE REPRESENTATIVE,1,D,0,0,0,null,,TRUE,TRUE,TRUE,TRUE,TRUE,TRUE,TRUE,TRUE,TRUE,TRUE
VEhBTk4gIDAxMg,THANNISCH NEIL L,1,STATE REPRESENTATIVE,1,R,2701,3451,16,39.11909591,,VEhBTk4gIDAxMg,THANNISCH NEIL L,1,STATE REPRESENTATIVE,1,R,2701,3451,16,39.11909591,,TRUE,TRUE,TRUE,TRUE,TRUE,TRUE,TRUE,TRUE,TRUE,TRUE
VFJBVkIgIDEzMw,TRAVIS BRIAN M,1,STATE REPRESENTATIVE,1,R,1192,786,4,15.77608142,,VFJBVkIgIDEzMw,TRAVIS BRIAN M,1,STATE REPRESENTATIVE,1,R,1192,786,4,15.77608142,,TRUE,TRUE,TRUE,TRUE,TRUE,TRUE,TRUE,TRUE,TRUE,TRUE
Q0FSTE4gIDAxMQ,CARLSON NICHOLAS A,1,STATE REPRESENTATIVE,2,D,0,0,0,null,,Q0FSTE4gIDAxMQ,CARLSON NICHOLAS A,1,STATE REPRESENTATIVE,2,D,0,0,0,null,,TRUE,TRUE,TRUE,TRUE,TRUE,TRUE,TRUE,TRUE,TRUE,TRUE
S0xPQlMgIDAzMw,KLOBA SHELLEY A,1,STATE REPRESENTATIVE,2,D,47980.87,48689.98,164,90.98997371,,S0xPQlMgIDAzMw,KLOBA SHELLEY A,1,STATE REPRESENTATIVE,2,D,47980.87,48689.98,164,90.98997371,,TRUE,TRUE,TRUE,TRUE,TRUE,TRUE,TRUE,TRUE,TRUE,TRUE
TEFOR0ogIDI5Ng,LANGSTON JAMES E,1,STATE REPRESENTATIVE,2,R,40995.08,40995.08,84,25.36889793,,TEFOR0ogIDI5Ng,LANGSTON JAMES E,1,STATE REPRESENTATIVE,2,R,40995.08,40995.08,84,25.36889793,,TRUE,TRUE,TRUE,TRUE,TRUE,TRUE,TRUE,TRUE,TRUE,TRUE
TU9SRUEgIDAxMQ,MOREAU-COOK AARON J,1,STATE REPRESENTATIVE,2,D,0,0,0,null,,TU9SRUEgIDAxMQ,MOREAU-COOK AARON J,1,STATE REPRESENTATIVE,2,D,0,0,0,null,,TRUE,TRUE,TRUE,TRUE,TRUE,TRUE,TRUE,TRUE,TRUE,TRUE
UkFVTkQgIDA0MQ,RAUNIYAR DARSHAN,1,STATE REPRESENTATIVE,2,D,37001,37000,164,50.47297297,,UkFVTkQgIDA0MQ,RAUNIYAR DARSHAN,1,STATE REPRESENTATIVE,2,D,37001,37000,164,50.47297297,,TRUE,TRUE,TRUE,TRUE,TRUE,TRUE,TRUE,TRUE,TRUE,TRUE
V1JJR0sgIDA0Mw,WRIGHT KYOKO M,1,STATE REPRESENTATIVE,2,D,13497.48,9963.96,62,80.84135223,,V1JJR0sgIDA0Mw,WRIGHT KYOKO M,1,STATE REPRESENTATIVE,2,D,13497.48,9963.96,62,80.84135223,,TRUE,TRUE,TRUE,TRUE,TRUE,TRUE,TRUE,TRUE,TRUE,TRUE
QkVDS1IgIDMyOA,BECKER RANDI L,2,STATE SENATOR,&nbsp;,R,144365,144365,262,97.4993939,,QkVDS1IgIDMyOA,BECKER RANDI L,2,STATE SENATOR,&nbsp;,R,144365,144365,262,97.4993939,,TRUE,TRUE,TRUE,TRUE,TRUE,TRUE,TRUE,TRUE,TRUE,TRUE
Qk9SUlQgIDU5Nw,BORRELLI TAMBORINE M,2,STATE SENATOR,&nbsp;,D,11873,11823,74,36.07375455,,Qk9SUlQgIDU5Nw,BORRELLI TAMBORINE M,2,STATE SENATOR,&nbsp;,D,11873,11823,74,36.07375455,,TRUE,TRUE,TRUE,TRUE,TRUE,TRUE,TRUE,TRUE,TRUE,TRUE
UkFTTU0gIDMyOA,RASMUSSEN MARILYN J,2,STATE SENATOR,&nbsp;,D,7402.46,7402.46,10,5.538699297,,UkFTTU0gIDMyOA,RASMUSSEN MARILYN J,2,STATE SENATOR,&nbsp;,D,7402.46,7402.46,10,5.538699297,,TRUE,TRUE,TRUE,TRUE,TRUE,TRUE,TRUE,TRUE,TRUE,TRUE
QkFSS0EgIDUxMw,BARKIS ANDREW K,2,STATE REPRESENTATIVE,1,R,70377.55,69828.72,198,84.08574581,,QkFSS0EgIDUxMw,BARKIS ANDREW K,2,STATE REPRESENTATIVE,1,R,70377.55,69828.72,198,84.08574581,,TRUE,TRUE,TRUE,TRUE,TRUE,TRUE,TRUE,TRUE,TRUE,TRUE
SFVOVEcgIDM2MA,HUNT GRAHAM R,2,STATE REPRESENTATIVE,1,R,17980.28,18080.28,83,79.17620745,,SFVOVEcgIDM2MA,HUNT GRAHAM R,2,STATE REPRESENTATIVE,1,R,17980.28,18080.28,83,79.17620745,,TRUE,TRUE,TRUE,TRUE,TRUE,TRUE,TRUE,TRUE,TRUE,TRUE
UElWRUEgIDM3Mw,PIVETTA HOFFMAN AMY R,2,STATE REPRESENTATIVE,1,O,36900.33,34361.67,104,88.24367384,,UElWRUEgIDM3Mw,PIVETTA HOFFMAN AMY R,2,STATE REPRESENTATIVE,1,O,36900.33,34361.67,104,88.24367384,,TRUE,TRUE,TRUE,TRUE,TRUE,TRUE,TRUE,TRUE,TRUE,TRUE
RE9XTk4gIDM3NQ,DOWNES NATHANIEL S,2,STATE REPRESENTATIVE,2,D,994.33,994.33,7,42.74234912,,RE9XTk4gIDM3NQ,DOWNES NATHANIEL S,2,STATE REPRESENTATIVE,2,D,994.33,994.33,7,42.74234912,,TRUE,TRUE,TRUE,TRUE,TRUE,TRUE,TRUE,TRUE,TRUE,TRUE
TUFZTkQgIDM3NQ,MAYNES DEREK E,2,STATE REPRESENTATIVE,2,D,200,200,2,50,,TUFZTkQgIDM3NQ,MAYNES DEREK E,2,STATE REPRESENTATIVE,2,D,200,200,2,50,,TRUE,TRUE,TRUE,TRUE,TRUE,TRUE,TRUE,TRUE,TRUE,TRUE
V0lMQ0ogIDU1OA,WILCOX JAMES T III,2,STATE REPRESENTATIVE,2,R,179902.82,175303.13,479,96.09200361,,V0lMQ0ogIDU1OA,WILCOX JAMES T III,2,STATE REPRESENTATIVE,2,R,179902.82,175303.13,479,96.09200361,,TRUE,TRUE,TRUE,TRUE,TRUE,TRUE,TRUE,TRUE,TRUE,TRUE
QVBLRUogIDAyMQ,APKER JAMES R,3,STATE SENATOR,&nbsp;,L,0,0,0,null,,QVBLRUogIDAyMQ,APKER JAMES R,3,STATE SENATOR,&nbsp;,L,0,0,0,null,,TRUE,TRUE,TRUE,TRUE,TRUE,TRUE,TRUE,TRUE,TRUE,TRUE
QklMTEEgIDIwMw,BILLIG ANDREW S,3,STATE SENATOR,&nbsp;,D,132639.66,126712.32,342,84.38563827,,QklMTEEgIDIwMw,BILLIG ANDREW S,3,STATE SENATOR,&nbsp;,D,132639.66,126712.32,342,84.38563827,,TRUE,TRUE,TRUE,TRUE,TRUE,TRUE,TRUE,TRUE,TRUE,TRUE
R0VPUkUgIDIwNw,GEORGEN ERIN B,3,STATE SENATOR,&nbsp;,D,0,0,0,null,,R0VPUkUgIDIwNw,GEORGEN ERIN B,3,STATE SENATOR,&nbsp;,D,0,0,0,null,,TRUE,TRUE,TRUE,TRUE,TRUE,TRUE,TRUE,TRUE,TRUE,TRUE
TUNHTFIgIDIxMA,MCGLENN RANDY J II,3,STATE REPRESENTATIVE,1,L,1038.34,1038.34,10,77.04605428,,TUNHTFIgIDIxMA,MCGLENN RANDY J II,3,STATE REPRESENTATIVE,1,L,1038.34,1038.34,10,77.04605428,,TRUE,TRUE,TRUE,TRUE,TRUE,TRUE,TRUE,TRUE,TRUE,TRUE
UklDQ00gIDIxMA,RICCELLI MARCUS M,3,STATE REPRESENTATIVE,1,D,90220.5,89220.5,296,84.14658066,,UklDQ00gIDIxMA,RICCELLI MARCUS M,3,STATE REPRESENTATIVE,1,D,90220.5,89220.5,296,84.14658066,,TRUE,TRUE,TRUE,TRUE,TRUE,TRUE,TRUE,TRUE,TRUE,TRUE
Q0FSREwgIDIwNw,CARDER LAURA D,3,STATE REPRESENTATIVE,2,R,0,0,0,null,,Q0FSREwgIDIwNw,CARDER LAURA D,3,STATE REPRESENTATIVE,2,R,0,0,0,null,,TRUE,TRUE,TRUE,TRUE,TRUE,TRUE,TRUE,TRUE,TRUE,TRUE
T1JNU1QgIDIxMA,ORMSBY TIMM S,3,STATE REPRESENTATIVE,2,D,81237.04,69575.99,94,85.84281733,,T1JNU1QgIDIxMA,ORMSBY TIMM S,3,STATE REPRESENTATIVE,2,D,81237.04,69575.99,94,85.84281733,,TRUE,TRUE,TRUE,TRUE,TRUE,TRUE,TRUE,TRUE,TRUE,TRUE
REVMQVAgIDIwNw,DELANEY PAUL A,3,STATE REPRESENTATIVE,2,L,0,0,0,null,,REVMQVAgIDIwNw,DELANEY PAUL A,3,STATE REPRESENTATIVE,2,L,0,0,0,null,,TRUE,TRUE,TRUE,TRUE,TRUE,TRUE,TRUE,TRUE,TRUE,TRUE
UEFERE0gIDIxNg,PADDEN MICHAEL J,4,STATE SENATOR,&nbsp;,R,126312.14,106950,218,95.74100047,,UEFERE0gIDIxNg,PADDEN MICHAEL J,4,STATE SENATOR,&nbsp;,R,126312.14,106050,213,95.7048562,,TRUE,TRUE,TRUE,TRUE,TRUE,TRUE,TRUE,FALSE,FALSE,FALSE
TUNDQVIgIDAzNw,MCCASLIN ROBERT B,4,STATE REPRESENTATIVE,1,R,24357.58,21181,55,92.06364194,,TUNDQVIgIDAzNw,MCCASLIN ROBERT B,4,STATE REPRESENTATIVE,1,R,24357.58,21181,55,92.06364194,,TRUE,TRUE,TRUE,TRUE,TRUE,TRUE,TRUE,TRUE,TRUE,TRUE
U0hFQU0gIDIyOA,SHEA MATTHEW T,4,STATE REPRESENTATIVE,1,R,73575.87,72880.72,356,79.5148566,,U0hFQU0gIDIyOA,SHEA MATTHEW T,4,STATE REPRESENTATIVE,1,R,73575.87,72880.72,356,79.5148566,,TRUE,TRUE,TRUE,TRUE,TRUE,TRUE,TRUE,TRUE,TRUE,TRUE
U1RVQ1MgIDAyMQ,STUCKER SCOTT V,4,STATE REPRESENTATIVE,1,D,695,765,3,32.67973856,,U1RVQ1MgIDAyMQ,STUCKER SCOTT V,4,STATE REPRESENTATIVE,1,D,695,765,3,32.67973856,,TRUE,TRUE,TRUE,TRUE,TRUE,TRUE,TRUE,TRUE,TRUE,TRUE
TUFHRUMyIDAyNw,MAGENDANZ CHAD L,5,STATE SENATOR,&nbsp;,R,209720.11,176668.32,414,79.47208645,,TUFHRUMyIDAyNw,MAGENDANZ CHAD L,5,STATE SENATOR,&nbsp;,R,209720.11,176668.32,414,79.47208645,,TRUE,TRUE,TRUE,TRUE,TRUE,TRUE,TRUE,TRUE,TRUE,TRUE
TVVMTE0gIDAyNw,MULLET MARK D,5,STATE SENATOR,&nbsp;,D,245337.72,244095.44,431,76.34104103,,TVVMTE0gIDAyNw,MULLET MARK D,5,STATE SENATOR,&nbsp;,D,245337.72,244095.44,431,76.34104103,,TRUE,TRUE,TRUE,TRUE,TRUE,TRUE,TRUE,TRUE,TRUE,TRUE
SElDS0UgIDAyNw,HICKS ESSIE S,5,STATE REPRESENTATIVE,1,D,1163,1513,19,46.26569729,,SElDS0UgIDAyNw,HICKS ESSIE S,5,STATE REPRESENTATIVE,1,D,1163,1513,19,46.26569729,,TRUE,TRUE,TRUE,TRUE,TRUE,TRUE,TRUE,TRUE,TRUE,TRUE
UklUQ0ogIDAyNw,RITCHIE JASON,5,STATE REPRESENTATIVE,1,D,81632.45,81632.45,287,57.20151729,,UklUQ0ogIDAyNw,RITCHIE JASON,5,STATE REPRESENTATIVE,1,D,81632.45,81632.45,287,57.20151729,,TRUE,TRUE,TRUE,TRUE,TRUE,TRUE,TRUE,TRUE,TRUE,TRUE
QlVSTkQgIDAxNA,BURNER DARCY G,5,STATE REPRESENTATIVE,2,D,84126.94,84126.94,506,78.56370385,,QlVSTkQgIDAxNA,BURNER DARCY G,5,STATE REPRESENTATIVE,2,D,84126.94,84126.94,506,78.56370385,,TRUE,TRUE,TRUE,TRUE,TRUE,TRUE,TRUE,TRUE,TRUE,TRUE
R1JBVlAgIDAyNA,GRAVES PAUL S,5,STATE REPRESENTATIVE,2,R,123085.27,123085.27,314,80.87888989,,R1JBVlAgIDAyNA,GRAVES PAUL S,5,STATE REPRESENTATIVE,2,R,123085.27,123085.27,314,80.87888989,,TRUE,TRUE,TRUE,TRUE,TRUE,TRUE,TRUE,TRUE,TRUE,TRUE
TEFSU00gIDA2NQ,LARSON MATTHEW R,5,STATE REPRESENTATIVE,2,D,111584.52,107184.52,174,64.31805638,,TEFSU00gIDA2NQ,LARSON MATTHEW R,5,STATE REPRESENTATIVE,2,D,111584.52,107184.52,174,64.31805638,,TRUE,TRUE,TRUE,TRUE,TRUE,TRUE,TRUE,TRUE,TRUE,TRUE
Uk9ETkogIDA2NQ,RODNE JAY R,5,STATE REPRESENTATIVE,U,R,71341,71341,129,93.67684782,,Uk9ETkogIDA2NQ,RODNE JAY R,5,STATE REPRESENTATIVE,U,R,71341,71341,129,93.67684782,,TRUE,TRUE,TRUE,TRUE,TRUE,TRUE,TRUE,TRUE,TRUE,TRUE
Q0FOVFMgIDIyMw,CANTY SAMUEL M,6,STATE REPRESENTATIVE,1,R,2565,2565,13,93.56725146,,Q0FOVFMgIDIyMw,CANTY SAMUEL M,6,STATE REPRESENTATIVE,1,R,2565,2565,13,93.56725146,,TRUE,TRUE,TRUE,TRUE,TRUE,TRUE,TRUE,TRUE,TRUE,TRUE
RklFTEkgIDIyOA,FIELD IAN A,6,STATE REPRESENTATIVE,1,R,74214,74214,310,77.37623629,,RklFTEkgIDIyOA,FIELD IAN A,6,STATE REPRESENTATIVE,1,R,74214,74214,310,77.37623629,,TRUE,TRUE,TRUE,TRUE,TRUE,TRUE,TRUE,TRUE,TRUE,TRUE
UEFSS0sgIDIwMQ,PARKER KEVIN C,6,STATE REPRESENTATIVE,1,R,18705.51,18705.51,23,96.79238898,,UEFSS0sgIDIwMQ,PARKER KEVIN C,6,STATE REPRESENTATIVE,1,R,18705.51,18705.51,23,96.79238898,,TRUE,TRUE,TRUE,TRUE,TRUE,TRUE,TRUE,TRUE,TRUE,TRUE
UEZVTkIgIDIyNA,PFUNDT BARRY W,6,STATE REPRESENTATIVE,1,NO,0,0,0,null,,UEZVTkIgIDIyNA,PFUNDT BARRY W,6,STATE REPRESENTATIVE,1,NO,0,0,0,null,,TRUE,TRUE,TRUE,TRUE,TRUE,TRUE,TRUE,TRUE,TRUE,TRUE
VkVIUkwgIDIyMw,VEHRS LYNNETTE K,6,STATE REPRESENTATIVE,1,D,31458.43,31458.43,222,66.10374389,,VkVIUkwgIDIyMw,VEHRS LYNNETTE K,6,STATE REPRESENTATIVE,1,D,31458.43,31458.43,222,66.10374389,,TRUE,TRUE,TRUE,TRUE,TRUE,TRUE,TRUE,TRUE,TRUE,TRUE
Vk9MWkogIDIyOA,VOLZ JAMES M,6,STATE REPRESENTATIVE,1,R,19105,19105,77,78.72284742,,Vk9MWkogIDIyOA,VOLZ JAMES M,6,STATE REPRESENTATIVE,1,R,19105,19105,77,78.72284742,,TRUE,TRUE,TRUE,TRUE,TRUE,TRUE,TRUE,TRUE,TRUE,TRUE
SE9MWUogIDAwNA,HOLY JEFFREY M,6,STATE REPRESENTATIVE,2,R,38107.37,37400,64,94.9197861,,SE9MWUogIDAwNA,HOLY JEFFREY M,6,STATE REPRESENTATIVE,2,R,38107.37,37400,64,94.9197861,,TRUE,TRUE,TRUE,TRUE,TRUE,TRUE,TRUE,TRUE,TRUE,TRUE
TElDSFMgIDIwOQ,LICHTY SHARLENE A,6,STATE REPRESENTATIVE,2,D,11740.98,11675,78,79.14346895,,TElDSFMgIDIwOQ,LICHTY SHARLENE A,6,STATE REPRESENTATIVE,2,D,11740.98,11675,78,79.14346895,,TRUE,TRUE,TRUE,TRUE,TRUE,TRUE,TRUE,TRUE,TRUE,TRUE
U0hPUlMgIDEwMQ,SHORT SHELLY A,7,STATE REPRESENTATIVE,1,R,72665.76,80567.76,125,95.41657854,,U0hPUlMgIDEwMQ,SHORT SHELLY A,7,STATE REPRESENTATIVE,1,R,72665.76,80567.76,125,95.41657854,,TRUE,TRUE,TRUE,TRUE,TRUE,TRUE,TRUE,TRUE,TRUE,TRUE
Rk9TVE0gIDE1Ng,FOSTER MICHAEL B,7,STATE REPRESENTATIVE,2,L,3474.74,3474.74,4,0,,Rk9TVE0gIDE1Ng,FOSTER MICHAEL B,7,STATE REPRESENTATIVE,2,L,3474.74,3474.74,4,0,,TRUE,TRUE,TRUE,TRUE,TRUE,TRUE,TRUE,TRUE,TRUE,TRUE
S1JFVEogIDg0MQ,KRETZ JOEL A,7,STATE REPRESENTATIVE,2,R,76549.89,87942.76,128,97.19390203,,S1JFVEogIDg0MQ,KRETZ JOEL A,7,STATE REPRESENTATIVE,2,R,76549.89,87942.76,128,97.19390203,,TRUE,TRUE,TRUE,TRUE,TRUE,TRUE,TRUE,TRUE,TRUE,TRUE
Q09PUFIgIDMzNg,COOPER RYAN K,8,STATE REPRESENTATIVE,1,L,0,0,0,null,,Q09PUFIgIDMzNg,COOPER RYAN K,8,STATE REPRESENTATIVE,1,L,0,0,0,null,,TRUE,TRUE,TRUE,TRUE,TRUE,TRUE,TRUE,TRUE,TRUE,TRUE
SkFOU1IgIDM1Mg,JANSONS RICHARD S,8,STATE REPRESENTATIVE,1,R,16585.44,16585.44,8,16.58080823,,SkFOU1IgIDM1Mg,JANSONS RICHARD S,8,STATE REPRESENTATIVE,1,R,16585.44,16585.44,8,16.58080823,,TRUE,TRUE,TRUE,TRUE,TRUE,TRUE,TRUE,TRUE,TRUE,TRUE
S0xJUEIgIDMzNg,KLIPPERT BRADLEY A,8,STATE REPRESENTATIVE,1,R,32358.78,22358.31,58,79.38882679,,S0xJUEIgIDMzNg,KLIPPERT BRADLEY A,8,STATE REPRESENTATIVE,1,R,32358.78,22358.31,58,79.61245729,,TRUE,TRUE,TRUE,TRUE,TRUE,TRUE,TRUE,TRUE,TRUE,FALSE
SEFMRUwgIDM1Mg,HALER LAWRENCE E,8,STATE REPRESENTATIVE,2,R,62745.84,57745.84,124,78.18745039,,SEFMRUwgIDM1Mg,HALER LAWRENCE E,8,STATE REPRESENTATIVE,2,R,62745.84,57745.84,124,78.36062303,,TRUE,TRUE,TRUE,TRUE,TRUE,TRUE,TRUE,TRUE,TRUE,FALSE
U0lNTVMgIDMzNg,SIMMONS STEVEN A,8,STATE REPRESENTATIVE,U,R,22109.68,22109.68,34,11.95856295,,U0lNTVMgIDMzNg,SIMMONS STEVEN A,8,STATE REPRESENTATIVE,U,R,22109.68,22109.68,34,11.95856295,,TRUE,TRUE,TRUE,TRUE,TRUE,TRUE,TRUE,TRUE,TRUE,TRUE
U0NIT00gIDE2OQ,SCHOESLER MARK G,9,STATE SENATOR,&nbsp;,R,350506.49,342787.39,626,96.38190016,,U0NIT00gIDE2OQ,SCHOESLER MARK G,9,STATE SENATOR,&nbsp;,R,350506.49,342787.39,626,96.38190016,,TRUE,TRUE,TRUE,TRUE,TRUE,TRUE,TRUE,TRUE,TRUE,TRUE
RFlFIE0gIDM0Nw,DYE MARY L,9,STATE REPRESENTATIVE,1,R,37879.85,36240,107,83.33333333,,RFlFIE0gIDM0Nw,DYE MARY L,9,STATE REPRESENTATIVE,1,R,37879.85,36240,107,83.33333333,,TRUE,TRUE,TRUE,TRUE,TRUE,TRUE,TRUE,TRUE,TRUE,TRUE
R09VTEogIDMwMQ,GOULET JENNIFER D,9,STATE REPRESENTATIVE,1,D,4088,4088,47,69.96086106,,R09VTEogIDMwMQ,GOULET JENNIFER D,9,STATE REPRESENTATIVE,1,D,4088,4088,47,69.96086106,,TRUE,TRUE,TRUE,TRUE,TRUE,TRUE,TRUE,TRUE,TRUE,TRUE
Uk9FTUggIDE2Mw,ROEMER HAILEY,9,STATE REPRESENTATIVE,1,R,1435.24,1435.24,9,47.0304618,,Uk9FTUggIDE2Mw,ROEMER HAILEY,9,STATE REPRESENTATIVE,1,R,1435.24,1435.24,9,47.0304618,,TRUE,TRUE,TRUE,TRUE,TRUE,TRUE,TRUE,TRUE,TRUE,TRUE
U0NITUogIDExMQ,SCHMICK JOSEPH S,9,STATE REPRESENTATIVE,2,R,95925.8,91410.91,258,85.60735256,,U0NITUogIDExMQ,SCHMICK JOSEPH S,9,STATE REPRESENTATIVE,2,R,95925.8,91410.91,258,85.60735256,,TRUE,TRUE,TRUE,TRUE,TRUE,TRUE,TRUE,TRUE,TRUE,TRUE
U01JVEQgIDE0NA,SMITH DANIEL T,9,STATE REPRESENTATIVE,U,D,0,0,0,null,,U01JVEQgIDE0NA,SMITH DANIEL T,9,STATE REPRESENTATIVE,U,D,0,0,0,null,,TRUE,TRUE,TRUE,TRUE,TRUE,TRUE,TRUE,TRUE,TRUE,TRUE
QkFJTEIgIDI3Nw,BAILEY BARBARA F,10,STATE SENATOR,&nbsp;,R,186945.72,175876,596,76.67618095,,QkFJTEIgIDI3Nw,BAILEY BARBARA F,10,STATE SENATOR,&nbsp;,R,186945.72,175876,596,76.67618095,,TRUE,TRUE,TRUE,TRUE,TRUE,TRUE,TRUE,TRUE,TRUE,TRUE
SE9NT0EgIDI3Nw,HOMOLA ANGELA D,10,STATE SENATOR,&nbsp;,D,81479.67,81407.38,519,19.76479282,,SE9NT0EgIDI3Nw,HOMOLA ANGELA D,10,STATE SENATOR,&nbsp;,D,81479.67,81407.38,519,19.76479282,,TRUE,TRUE,TRUE,TRUE,TRUE,TRUE,TRUE,TRUE,TRUE,TRUE
UEVUUk4gIDIyMQ,PETRISH NICHOLAS J III,10,STATE SENATOR,&nbsp;,D,14001,14001,108,77.39447182,,UEVUUk4gIDIyMQ,PETRISH NICHOLAS J III,10,STATE SENATOR,&nbsp;,D,14001,14001,108,77.39447182,,TRUE,TRUE,TRUE,TRUE,TRUE,TRUE,TRUE,TRUE,TRUE,TRUE
U0NPVE0gIDI4Mg,SCOTT MICHAEL,10,STATE REPRESENTATIVE,1,L,954.35,650,7,89.23076923,,U0NPVE0gIDI4Mg,SCOTT MICHAEL,10,STATE REPRESENTATIVE,1,L,954.35,650,7,89.23076923,,TRUE,TRUE,TRUE,TRUE,TRUE,TRUE,TRUE,TRUE,TRUE,TRUE
U01JVE4gIDIzNg,SMITH NORMA C,10,STATE REPRESENTATIVE,1,R,70076.42,61266.07,270,84.58189011,,U01JVE4gIDIzNg,SMITH NORMA C,10,STATE REPRESENTATIVE,1,R,70076.42,61266.07,270,84.58189011,,TRUE,TRUE,TRUE,TRUE,TRUE,TRUE,TRUE,TRUE,TRUE,TRUE
QU5ERUEgIDI1Nw,ANDERS ALVIN A,10,STATE REPRESENTATIVE,2,L,0,0,0,null,,QU5ERUEgIDI1Nw,ANDERS ALVIN A,10,STATE REPRESENTATIVE,2,L,0,0,0,null,,TRUE,TRUE,TRUE,TRUE,TRUE,TRUE,TRUE,TRUE,TRUE,TRUE
QlJFVkQgIDI3NA,BREVOORT DORIS J,10,STATE REPRESENTATIVE,2,D,7661.75,7661.75,56,31.84651026,,QlJFVkQgIDI3NA,BREVOORT DORIS J,10,STATE REPRESENTATIVE,2,D,7661.75,7661.75,56,31.84651026,,TRUE,TRUE,TRUE,TRUE,TRUE,TRUE,TRUE,TRUE,TRUE,TRUE
SEFZRUQgIDI5Mg,HAYES DAVID J,10,STATE REPRESENTATIVE,2,R,65208.31,63927.06,208,78.30557201,,SEFZRUQgIDI5Mg,HAYES DAVID J,10,STATE REPRESENTATIVE,2,R,65208.31,63927.06,208,78.30557201,,TRUE,TRUE,TRUE,TRUE,TRUE,TRUE,TRUE,TRUE,TRUE,TRUE
SEFTRVIgIDEyNA,HASEGAWA ROBERT A,11,STATE SENATOR,&nbsp;,D,90362.47,90863.18,356,81.54788331,,SEFTRVIgIDEyNA,HASEGAWA ROBERT A,11,STATE SENATOR,&nbsp;,D,90362.47,90863.18,356,81.54788331,,TRUE,TRUE,TRUE,TRUE,TRUE,TRUE,TRUE,TRUE,TRUE,TRUE
UFJJQ0QgIDA1Ng,PRICE DENNIS J,11,STATE SENATOR,&nbsp;,L,0,0,0,null,,UFJJQ0QgIDA1Ng,PRICE DENNIS J,11,STATE SENATOR,&nbsp;,L,0,0,0,null,,TRUE,TRUE,TRUE,TRUE,TRUE,TRUE,TRUE,TRUE,TRUE,TRUE
QUJPVUUgIDA1OA,ABOUDARA ERIN L,11,STATE REPRESENTATIVE,1,R,5227.76,5197.76,28,66.06692114,,QUJPVUUgIDA1OA,ABOUDARA ERIN L,11,STATE REPRESENTATIVE,1,R,5227.76,5197.76,28,66.06692114,,TRUE,TRUE,TRUE,TRUE,TRUE,TRUE,TRUE,TRUE,TRUE,TRUE
SFVER1ogIDE2OA,HUDGINS ZACHARY L,11,STATE REPRESENTATIVE,1,D,101988.68,31560.08,83,82.01816979,,SFVER1ogIDE2OA,HUDGINS ZACHARY L,11,STATE REPRESENTATIVE,1,D,101988.68,31560.08,83,82.01816979,,TRUE,TRUE,TRUE,TRUE,TRUE,TRUE,TRUE,TRUE,TRUE,TRUE
QkVSR1MgIDA1Ng,BERGQUIST STEVEN A,11,STATE REPRESENTATIVE,2,D,74736.63,39392.14,126,80.58714251,,QkVSR1MgIDA1Ng,BERGQUIST STEVEN A,11,STATE REPRESENTATIVE,2,D,74736.63,39392.14,126,80.58714251,,TRUE,TRUE,TRUE,TRUE,TRUE,TRUE,TRUE,TRUE,TRUE,TRUE
SEFXS0IyIDgwMg,HAWKINS BRADLEY M,12,STATE SENATOR,&nbsp;,R,111148.8,85473,254,8.599206767,,SEFXS0IyIDgwMg,HAWKINS BRADLEY M,12,STATE SENATOR,&nbsp;,R,111148.8,85473,254,8.599206767,,TRUE,TRUE,TRUE,TRUE,TRUE,TRUE,TRUE,TRUE,TRUE,TRUE
UEFSTEwgIDgwMQ,PARLETTE LINDA EVANS,12,STATE SENATOR,&nbsp;,R,51750,50650,87,92.69496545,,UEFSTEwgIDgwMQ,PARLETTE LINDA EVANS,12,STATE SENATOR,&nbsp;,R,51750,50650,87,92.69496545,,TRUE,TRUE,TRUE,TRUE,TRUE,TRUE,TRUE,TRUE,TRUE,TRUE
V1lTU0ogIDgxMg,WYSS JON C,12,STATE SENATOR,&nbsp;,R,95241,95254.95,262,43.61873058,,V1lTU0ogIDgxMg,WYSS JON C,12,STATE SENATOR,&nbsp;,R,95241,95254.95,262,43.61873058,,TRUE,TRUE,TRUE,TRUE,TRUE,TRUE,TRUE,TRUE,TRUE,TRUE
Q09OREMgIDgwNw,CONDOTTA CARY L,12,STATE REPRESENTATIVE,1,R,64138.06,63485,108,88.2885721,,Q09OREMgIDgwNw,CONDOTTA CARY L,12,STATE REPRESENTATIVE,1,R,64138.06,63485,108,88.2885721,,TRUE,TRUE,TRUE,TRUE,TRUE,TRUE,TRUE,TRUE,TRUE,TRUE
TUFIRUQgIDgwMQ,MAHER DANIEL G,12,STATE REPRESENTATIVE,1,D,6944.29,6489.55,25,18.49111263,,TUFIRUQgIDgwMQ,MAHER DANIEL G,12,STATE REPRESENTATIVE,1,D,6944.29,6489.55,25,18.49111263,,TRUE,TRUE,TRUE,TRUE,TRUE,TRUE,TRUE,TRUE,TRUE,TRUE
QUxMRUIgIDgwNw,ALLEN BRADLEY N,12,STATE REPRESENTATIVE,2,R,3422.52,9157.74,8,0,,QUxMRUIgIDgwNw,ALLEN BRADLEY N,12,STATE REPRESENTATIVE,2,R,3422.52,9157.74,8,0,,TRUE,TRUE,TRUE,TRUE,TRUE,TRUE,TRUE,TRUE,TRUE,TRUE
U1RFRU0gIDgxNg,STEELE MICHEAL A,12,STATE REPRESENTATIVE,2,R,16471.56,17291.34,125,6.072403874,,U1RFRU0gIDgxNg,STEELE MICHEAL A,12,STATE REPRESENTATIVE,2,R,16471.56,17291.34,125,6.072403874,,TRUE,TRUE,TRUE,TRUE,TRUE,TRUE,TRUE,TRUE,TRUE,TRUE
U1RPTkQgIDEzMw,STONE DANNY E,12,STATE REPRESENTATIVE,2,R,8795,8795,58,80.6708357,,U1RPTkQgIDEzMw,STONE DANNY E,12,STATE REPRESENTATIVE,2,R,8795,8795,58,80.6708357,,TRUE,TRUE,TRUE,TRUE,TRUE,TRUE,TRUE,TRUE,TRUE,TRUE
Q0hSSUcgIDgwNw,CHRISTENSEN GARN G,12,STATE REPRESENTATIVE,U,R,6954.74,9195.74,22,18.48682107,,Q0hSSUcgIDgwNw,CHRISTENSEN GARN G,12,STATE REPRESENTATIVE,U,R,6954.74,9195.74,22,18.48682107,,TRUE,TRUE,TRUE,TRUE,TRUE,TRUE,TRUE,TRUE,TRUE,TRUE
UEFJTkdKIDgwMg,PAINE GERALD,12,STATE REPRESENTATIVE,U,R,29439.35,29439.35,26,8.49203532,,UEFJTkdKIDgwMg,PAINE GERALD,12,STATE REPRESENTATIVE,U,R,29439.35,29439.35,26,8.49203532,,TRUE,TRUE,TRUE,TRUE,TRUE,TRUE,TRUE,TRUE,TRUE,TRUE
REVOVFQgIDgzNw,DENT THOMAS E,13,STATE REPRESENTATIVE,1,R,62908.72,63580.28,244,62.64521012,,REVOVFQgIDgzNw,DENT THOMAS E,13,STATE REPRESENTATIVE,1,R,62908.72,63580.28,244,62.64521012,,TRUE,TRUE,TRUE,TRUE,TRUE,TRUE,TRUE,TRUE,TRUE,TRUE
TUFOV00gIDkyNg,MANWELLER MATHEW S,13,STATE REPRESENTATIVE,2,R,125726.5,122430.38,268,67.03809953,,TUFOV00gIDkyNg,MANWELLER MATHEW S,13,STATE REPRESENTATIVE,2,R,125726.5,122430.38,268,67.03809953,,TRUE,TRUE,TRUE,TRUE,TRUE,TRUE,TRUE,TRUE,TRUE,TRUE
V0VCQkIgIDgzNw,WEBB BENJAMIN J,13,STATE REPRESENTATIVE,2,D,1850.69,2732,22,44.14348463,,V0VCQkIgIDgzNw,WEBB BENJAMIN J,13,STATE REPRESENTATIVE,2,D,1850.69,2732,22,44.14348463,,TRUE,TRUE,TRUE,TRUE,TRUE,TRUE,TRUE,TRUE,TRUE,TRUE
S0lOR0MgIDkwOQ,KING CURTIS P,14,STATE SENATOR,&nbsp;,R,231946.31,236273.58,565,81.31040297,,S0lOR0MgIDkwOQ,KING CURTIS P,14,STATE SENATOR,&nbsp;,R,231946.31,236273.58,565,81.31040297,,TRUE,TRUE,TRUE,TRUE,TRUE,TRUE,TRUE,TRUE,TRUE,TRUE
UklDSEEgIDYzNQ,RICHARDS AMANDA D,14,STATE SENATOR,&nbsp;,O,1491.64,1491.64,16,23.46410662,,UklDSEEgIDYzNQ,RICHARDS AMANDA D,14,STATE SENATOR,&nbsp;,O,1491.64,1491.64,16,23.46410662,,TRUE,TRUE,TRUE,TRUE,TRUE,TRUE,TRUE,TRUE,TRUE,TRUE
Sk9ITk4gIDk0OA,JOHNSON NORMAN M,14,STATE REPRESENTATIVE,1,R,72682.29,71509,215,69.91987023,,Sk9ITk4gIDk0OA,JOHNSON NORMAN M,14,STATE REPRESENTATIVE,1,R,72682.29,71509,215,69.91987023,,TRUE,TRUE,TRUE,TRUE,TRUE,TRUE,TRUE,TRUE,TRUE,TRUE
UEFMTVMgIDkwMQ,PALMER SUSAN S,14,STATE REPRESENTATIVE,1,D,1106.99,1106.99,16,33.33363445,,UEFMTVMgIDkwMQ,PALMER SUSAN S,14,STATE REPRESENTATIVE,1,D,1106.99,1106.99,16,33.33363445,,TRUE,TRUE,TRUE,TRUE,TRUE,TRUE,TRUE,TRUE,TRUE,TRUE
QURBTUogIDYyMA,ADAMS JOHN E,14,STATE REPRESENTATIVE,2,D,0,620,5,0,,QURBTUogIDYyMA,ADAMS JOHN E,14,STATE REPRESENTATIVE,2,D,0,620,5,0,,TRUE,TRUE,TRUE,TRUE,TRUE,TRUE,TRUE,TRUE,TRUE,TRUE
TUNDQUcgIDYyMA,MCCABE GINA R,14,STATE REPRESENTATIVE,2,R,53491,53195.97,141,84.49888215,,TUNDQUcgIDYyMA,MCCABE GINA R,14,STATE REPRESENTATIVE,2,R,53491,53195.97,141,84.49888215,,TRUE,TRUE,TRUE,TRUE,TRUE,TRUE,TRUE,TRUE,TRUE,TRUE
Q0hBTkIgIDk1Mw,CHANDLER BRUCE Q,15,STATE REPRESENTATIVE,1,R,0,0,0,null,,Q0hBTkIgIDk1Mw,CHANDLER BRUCE Q,15,STATE REPRESENTATIVE,1,R,0,0,0,null,,TRUE,TRUE,TRUE,TRUE,TRUE,TRUE,TRUE,TRUE,TRUE,TRUE
Q09PUEEgIDk0Mg,COOPER ANGELA J,15,STATE REPRESENTATIVE,2,D,2732.01,2732.01,12,32.26562128,,Q09PUEEgIDk0Mg,COOPER ANGELA J,15,STATE REPRESENTATIVE,2,D,2732.01,2732.01,12,32.26562128,,TRUE,TRUE,TRUE,TRUE,TRUE,TRUE,TRUE,TRUE,TRUE,TRUE
S0VBUkQgIDkwOA,KEARBY DAVID C,15,STATE REPRESENTATIVE,2,R,27071,27071,58,73.21857338,,S0VBUkQgIDkwOA,KEARBY DAVID C,15,STATE REPRESENTATIVE,2,R,27071,27071,58,73.21857338,,TRUE,TRUE,TRUE,TRUE,TRUE,TRUE,TRUE,TRUE,TRUE,TRUE
VEFZTEQgIDkzNg,TAYLOR DAVID V,15,STATE REPRESENTATIVE,2,R,15460,15460,45,90.23285899,,VEFZTEQgIDkzNg,TAYLOR DAVID V,15,STATE REPRESENTATIVE,2,R,15460,15460,45,90.23285899,,TRUE,TRUE,TRUE,TRUE,TRUE,TRUE,TRUE,TRUE,TRUE,TRUE
SEVXSU0gIDM2Mg,HEWITT MICHAEL D,16,STATE SENATOR,&nbsp;,R,38470,37900,55,100,,SEVXSU0gIDM2Mg,HEWITT MICHAEL D,16,STATE SENATOR,&nbsp;,R,38470,37900,55,100,,TRUE,TRUE,TRUE,TRUE,TRUE,TRUE,TRUE,TRUE,TRUE,TRUE
V0FMU00yIDM2Mg,WALSH MAUREEN S,16,STATE SENATOR,&nbsp;,R,74670,67143.02,106,97.42635943,,V0FMU00yIDM2Mg,WALSH MAUREEN S,16,STATE SENATOR,&nbsp;,R,74670,67143.02,106,97.42635943,,TRUE,TRUE,TRUE,TRUE,TRUE,TRUE,TRUE,TRUE,TRUE,TRUE
RURXQU0gIDM1MA,EDWARDS MARY R,16,STATE REPRESENTATIVE,1,R,7482.7,7289,46,49.3208945,,RURXQU0gIDM1MA,EDWARDS MARY R,16,STATE REPRESENTATIVE,1,R,7482.7,7289,46,49.3208945,,TRUE,TRUE,TRUE,TRUE,TRUE,TRUE,TRUE,TRUE,TRUE,TRUE
RlJBTlIgIDMwMQ,FRANCIK REBECCA A,16,STATE REPRESENTATIVE,1,D,4473,4473,24,48.66979656,,RlJBTlIgIDMwMQ,FRANCIK REBECCA A,16,STATE REPRESENTATIVE,1,D,4473,4473,24,48.66979656,,TRUE,TRUE,TRUE,TRUE,TRUE,TRUE,TRUE,TRUE,TRUE,TRUE
SkVOS1cgIDM1MA,JENKIN WILLIAM R,16,STATE REPRESENTATIVE,1,R,86375.57,86375.57,11,0.173660214,,SkVOS1cgIDM1MA,JENKIN WILLIAM R,16,STATE REPRESENTATIVE,1,R,86375.57,86375.57,11,0.173660214,,TRUE,TRUE,TRUE,TRUE,TRUE,TRUE,TRUE,TRUE,TRUE,TRUE
UE9NUkEgIDM2Mg,POMRANING ALLEN N,16,STATE REPRESENTATIVE,1,R,7904,7804,24,7.688364941,,UE9NUkEgIDM2Mg,POMRANING ALLEN N,16,STATE REPRESENTATIVE,1,R,7904,7804,24,7.688364941,,TRUE,TRUE,TRUE,TRUE,TRUE,TRUE,TRUE,TRUE,TRUE,TRUE
UlVERVMgIDUwNA,RUDE SKYLER D,16,STATE REPRESENTATIVE,1,R,29290,29790,126,57.65357503,,UlVERVMgIDUwNA,RUDE SKYLER D,16,STATE REPRESENTATIVE,1,R,29290,29790,126,57.65357503,,TRUE,TRUE,TRUE,TRUE,TRUE,TRUE,TRUE,TRUE,TRUE,TRUE
RVNQSVIgIDMwMQ,ESPINOZA RICARDO,16,STATE REPRESENTATIVE,2,R,1400,1400,3,35.71428571,,RVNQSVIgIDMwMQ,ESPINOZA RICARDO,16,STATE REPRESENTATIVE,2,R,1400,1400,3,35.71428571,,TRUE,TRUE,TRUE,TRUE,TRUE,TRUE,TRUE,TRUE,TRUE,TRUE
TkVBTFQgIDMyOA,NEALEY TERRY R,16,STATE REPRESENTATIVE,2,R,62910,62510,182,87.06606943,,TkVBTFQgIDMyOA,NEALEY TERRY R,16,STATE REPRESENTATIVE,2,R,62910,62510,182,87.06606943,,TRUE,TRUE,TRUE,TRUE,TRUE,TRUE,TRUE,TRUE,TRUE,TRUE
RE9XTkdXIDMzNw,DOWNING GARY W,16,STATE REPRESENTATIVE,U,D,5205,5155,25,77.88554801,,RE9XTkdXIDMzNw,DOWNING GARY W,16,STATE REPRESENTATIVE,U,D,5205,5155,25,77.88554801,,TRUE,TRUE,TRUE,TRUE,TRUE,TRUE,TRUE,TRUE,TRUE,TRUE
QkVOVEQgIDY2OA,BENTON DONALD M,17,STATE SENATOR,&nbsp;,R,123622.01,123622.01,318,74.00158758,,QkVOVEQgIDY2OA,BENTON DONALD M,17,STATE SENATOR,&nbsp;,R,123622.01,123622.01,318,74.00158758,,TRUE,TRUE,TRUE,TRUE,TRUE,TRUE,TRUE,TRUE,TRUE,TRUE
S0lNIEcgIDYwNg,KIM GUN-SAM,17,STATE SENATOR,&nbsp;,R,75520.88,75220.88,94,79.63081527,,S0lNIEcgIDYwNg,KIM GUN-SAM,17,STATE SENATOR,&nbsp;,R,75520.88,75220.88,94,79.63081527,,TRUE,TRUE,TRUE,TRUE,TRUE,TRUE,TRUE,TRUE,TRUE,TRUE
UFJPQlQgIDY4Ng,PROBST TIMOTHY P,17,STATE SENATOR,&nbsp;,O,208850.49,210939.78,510,68.84855953,,UFJPQlQgIDY4Ng,PROBST TIMOTHY P,17,STATE SENATOR,&nbsp;,O,208850.49,210939.78,510,68.84855953,,TRUE,TRUE,TRUE,TRUE,TRUE,TRUE,TRUE,TRUE,TRUE,TRUE
V0lMU0wyIDY4Mg,WILSON LYNDA D,17,STATE SENATOR,&nbsp;,R,294268.08,255420.74,335,94.24175969,,V0lMU0wyIDY4Mg,WILSON LYNDA D,17,STATE SENATOR,&nbsp;,R,294268.08,255420.74,335,94.24175969,,TRUE,TRUE,TRUE,TRUE,TRUE,TRUE,TRUE,TRUE,TRUE,TRUE
RUdBTkogIDY4Mg,EGAN JOSHUA D,17,STATE REPRESENTATIVE,1,D,0,0,0,null,,RUdBTkogIDY4Mg,EGAN JOSHUA D,17,STATE REPRESENTATIVE,1,D,0,0,0,null,,TRUE,TRUE,TRUE,TRUE,TRUE,TRUE,TRUE,TRUE,TRUE,TRUE
RlJJU1IgIDY4NA,FRISINA ROBERT A JR,17,STATE REPRESENTATIVE,1,D,3855.88,3969.88,25,32.71836932,,RlJJU1IgIDY4NA,FRISINA ROBERT A JR,17,STATE REPRESENTATIVE,1,D,3855.88,3969.88,25,32.71836932,,TRUE,TRUE,TRUE,TRUE,TRUE,TRUE,TRUE,TRUE,TRUE,TRUE
SEFSUlQgIDY4Nw,HARRIS TANISHA L,17,STATE REPRESENTATIVE,1,D,8758.29,8758.29,63,43.74141528,,SEFSUlQgIDY4Nw,HARRIS TANISHA L,17,STATE REPRESENTATIVE,1,D,8758.29,8758.29,63,43.74141528,,TRUE,TRUE,TRUE,TRUE,TRUE,TRUE,TRUE,TRUE,TRUE,TRUE
S1JBRlYgIDY4Ng,KRAFT VICKI C,17,STATE REPRESENTATIVE,1,R,73152.45,73152.45,151,62.0173487,,S1JBRlYgIDY4Ng,KRAFT VICKI C,17,STATE REPRESENTATIVE,1,R,73152.45,73152.45,151,62.0173487,,TRUE,TRUE,TRUE,TRUE,TRUE,TRUE,TRUE,TRUE,TRUE,TRUE
T0xJVkcgIDY4Mw,OLIVER GERALD T,17,STATE REPRESENTATIVE,1,R,16587.82,16346.55,29,45.45791008,,T0xJVkcgIDY4Mw,OLIVER GERALD T,17,STATE REPRESENTATIVE,1,R,16587.82,16346.55,29,45.45791008,,TRUE,TRUE,TRUE,TRUE,TRUE,TRUE,TRUE,TRUE,TRUE,TRUE
Q09MV1IgIDY2Mg,COLWELL RICHARD,17,STATE REPRESENTATIVE,2,R,2804.74,2804.74,8,82.00403602,,Q09MV1IgIDY2Mg,COLWELL RICHARD,17,STATE REPRESENTATIVE,2,R,2804.74,2804.74,8,82.00403602,,TRUE,TRUE,TRUE,TRUE,TRUE,TRUE,TRUE,TRUE,TRUE,TRUE
SEFSUlAgIDY4Mw,HARRIS PAUL L,17,STATE REPRESENTATIVE,2,R,83217.71,82220.07,138,99.2106915,,SEFSUlAgIDY4Mw,HARRIS PAUL L,17,STATE REPRESENTATIVE,2,R,83217.71,82220.07,138,99.2106915,,TRUE,TRUE,TRUE,TRUE,TRUE,TRUE,TRUE,TRUE,TRUE,TRUE
SEFTSE0gIDY4NQ,HASH MARTIN D,17,STATE REPRESENTATIVE,2,D,0,0,0,null,,SEFTSE0gIDY4NQ,HASH MARTIN D,17,STATE REPRESENTATIVE,2,D,0,0,0,null,,TRUE,TRUE,TRUE,TRUE,TRUE,TRUE,TRUE,TRUE,TRUE,TRUE
T1JBTkQgIDY2NQ,ORANGE DON,17,STATE REPRESENTATIVE,U,D,19320.76,19345.76,66,37.83774843,,T1JBTkQgIDY2NQ,ORANGE DON,17,STATE REPRESENTATIVE,U,D,19320.76,19345.76,66,37.83774843,,TRUE,TRUE,TRUE,TRUE,TRUE,TRUE,TRUE,TRUE,TRUE,TRUE
SE9MVFIgIDYwNg,HOLT ERIC K,18,STATE SENATOR,&nbsp;,D,8216.15,8216.15,30,18.5001491,,SE9MVFIgIDYwNg,HOLT ERIC K,18,STATE SENATOR,&nbsp;,D,8216.15,8216.15,30,18.5001491,,TRUE,TRUE,TRUE,TRUE,TRUE,TRUE,TRUE,TRUE,TRUE,TRUE
UklWRUEgIDYyOQ,RIVERS ANNA M,18,STATE SENATOR,&nbsp;,R,281297.5,281797.5,645,93.44351884,,UklWRUEgIDYyOQ,RIVERS ANNA M,18,STATE SENATOR,&nbsp;,R,281297.5,281797.5,645,93.44351884,,TRUE,TRUE,TRUE,TRUE,TRUE,TRUE,TRUE,TRUE,TRUE,TRUE
QU5ERUwgIDY4Mg,ANDERSON LISA A,18,STATE REPRESENTATIVE,1,O,2000,2000,1,0,,QU5ERUwgIDY4Mg,ANDERSON LISA A,18,STATE REPRESENTATIVE,1,O,2000,2000,1,0,,TRUE,TRUE,TRUE,TRUE,TRUE,TRUE,TRUE,TRUE,TRUE,TRUE
T0JFUkogIDY4Mg,OBERG JUSTIN P,18,STATE REPRESENTATIVE,1,D,1746.88,1746.88,19,12.99459608,,T0JFUkogIDY4Mg,OBERG JUSTIN P,18,STATE REPRESENTATIVE,1,D,1746.88,1746.88,19,12.99459608,,TRUE,TRUE,TRUE,TRUE,TRUE,TRUE,TRUE,TRUE,TRUE,TRUE
VklDS0IgIDY4Nw,VICK BRANDON P,18,STATE REPRESENTATIVE,1,R,99770.02,99770.02,194,93.85083816,,VklDS0IgIDY4Nw,VICK BRANDON P,18,STATE REPRESENTATIVE,1,R,99770.02,99770.02,194,93.85083816,,TRUE,TRUE,TRUE,TRUE,TRUE,TRUE,TRUE,TRUE,TRUE,TRUE
Qk9XTVMgIDYwNA,BOWMAN SHANE A,18,STATE REPRESENTATIVE,2,R,8950,11525,34,48.59002169,,Qk9XTVMgIDYwNA,BOWMAN SHANE A,18,STATE REPRESENTATIVE,2,R,8950,11525,34,48.59002169,,TRUE,TRUE,TRUE,TRUE,TRUE,TRUE,TRUE,TRUE,TRUE,TRUE
QlJPV0kgIDY4Mw,BROWN ILANA E,18,STATE REPRESENTATIVE,2,D,0,0,0,null,,QlJPV0kgIDY4Mw,BROWN ILANA E,18,STATE REPRESENTATIVE,2,D,0,0,0,null,,TRUE,TRUE,TRUE,TRUE,TRUE,TRUE,TRUE,TRUE,TRUE,TRUE
R0lMTEsgIDY4NQ,GILLESPIE KATHY E,18,STATE REPRESENTATIVE,2,O,18949.78,18949.78,113,44.57043828,,R0lMTEsgIDY4NQ,GILLESPIE KATHY E,18,STATE REPRESENTATIVE,2,O,18949.78,18949.78,113,44.57043828,,TRUE,TRUE,TRUE,TRUE,TRUE,TRUE,TRUE,TRUE,TRUE,TRUE
RVJJS0wgIDYwNw,PIKE LIZ S,18,STATE REPRESENTATIVE,2,R,92603.78,86338.42,307,62.08128432,,RVJJS0wgIDYwNw,PIKE LIZ S,18,STATE REPRESENTATIVE,2,R,92603.78,86338.42,307,62.08128432,,TRUE,TRUE,TRUE,TRUE,TRUE,TRUE,TRUE,TRUE,TRUE,TRUE
SEFURkIgIDU3Nw,HATFIELD BRIAN A,19,STATE SENATOR,&nbsp;,D,17467.05,17466.5,34,90.17261615,,SEFURkIgIDU3Nw,HATFIELD BRIAN A,19,STATE SENATOR,&nbsp;,D,17467.05,17466.5,34,90.17261615,,TRUE,TRUE,TRUE,TRUE,TRUE,TRUE,TRUE,TRUE,TRUE,TRUE
UEVERVMgIDUyMA,PEDERSON SUE K,19,STATE SENATOR,&nbsp;,R,58381.92,58381.92,10,1.327465763,,UEVERVMgIDUyMA,PEDERSON SUE K,19,STATE SENATOR,&nbsp;,R,58381.92,58381.92,10,1.327465763,,TRUE,TRUE,TRUE,TRUE,TRUE,TRUE,TRUE,TRUE,TRUE,TRUE
VEFLS0QyIDYzMg,TAKKO DEAN A,19,STATE SENATOR,&nbsp;,D,112268.36,63752.58,126,91.27473743,,VEFLS0QyIDYzMg,TAKKO DEAN A,19,STATE SENATOR,&nbsp;,D,112268.36,63752.58,126,91.27473743,,TRUE,TRUE,TRUE,TRUE,TRUE,TRUE,TRUE,TRUE,TRUE,TRUE
UFVSQ1QgIDYzMg,PURCELL TERESA M,19,STATE REPRESENTATIVE,1,D,58498,58498,274,76.89493658,,UFVSQ1QgIDYzMg,PURCELL TERESA M,19,STATE REPRESENTATIVE,1,D,58498,58498,274,76.89493658,,TRUE,TRUE,TRUE,TRUE,TRUE,TRUE,TRUE,TRUE,TRUE,TRUE
Uk9TU0ogIDYzMg,ROSSETTI JUSTIN D,19,STATE REPRESENTATIVE,1,D,71224.52,71930.31,168,80.81989359,,Uk9TU0ogIDYzMg,ROSSETTI JUSTIN D,19,STATE REPRESENTATIVE,1,D,71224.52,71930.31,168,80.81989359,,TRUE,TRUE,TRUE,TRUE,TRUE,TRUE,TRUE,TRUE,TRUE,TRUE
U1VUSVQgIDYyNg,SUTINEN TIMO S,19,STATE REPRESENTATIVE,1,D,12165.7,12165.7,3,0,,U1VUSVQgIDYyNg,SUTINEN TIMO S,19,STATE REPRESENTATIVE,1,D,12165.7,12165.7,3,0,,TRUE,TRUE,TRUE,TRUE,TRUE,TRUE,TRUE,TRUE,TRUE,TRUE
VElOTlYgIDYxMQ,TINNEY VALERIE J,19,STATE REPRESENTATIVE,1,R,14276.8,14276.8,92,53.89863275,,VElOTlYgIDYxMQ,TINNEY VALERIE J,19,STATE REPRESENTATIVE,1,R,14276.8,14276.8,92,53.89863275,,TRUE,TRUE,TRUE,TRUE,TRUE,TRUE,TRUE,TRUE,TRUE,TRUE
VFVSTlQgIDYzMQ,TURNER TIFFANY A,19,STATE REPRESENTATIVE,1,D,11304.99,13799.99,89,48.8406151,,VFVSTlQgIDYzMQ,TURNER TIFFANY A,19,STATE REPRESENTATIVE,1,D,11304.99,13799.99,89,48.8406151,,TRUE,TRUE,TRUE,TRUE,TRUE,TRUE,TRUE,TRUE,TRUE,TRUE
V0FMU0pXIDUyMA,WALSH JAMES W,19,STATE REPRESENTATIVE,1,R,22336.13,22284.02,138,82.27869119,,V0FMU0pXIDUyMA,WALSH JAMES W,19,STATE REPRESENTATIVE,1,R,22336.13,22284.02,138,82.27869119,,TRUE,TRUE,TRUE,TRUE,TRUE,TRUE,TRUE,TRUE,TRUE,TRUE
QkxBS0IgIDUwNA,BLAKE BRIAN E,19,STATE REPRESENTATIVE,2,D,96199.15,79600,168,94.06407035,,QkxBS0IgIDUwNA,BLAKE BRIAN E,19,STATE REPRESENTATIVE,2,D,96199.15,79600,168,94.06407035,,TRUE,TRUE,TRUE,TRUE,TRUE,TRUE,TRUE,TRUE,TRUE,TRUE
T0hBR0ogIDU0Nw,O'HAGAN JAMES J,19,STATE REPRESENTATIVE,2,R,1071.43,1031.43,3,38.78110972,,T0hBR0ogIDU0Nw,O'HAGAN JAMES J,19,STATE REPRESENTATIVE,2,R,1071.43,1031.43,3,38.78110972,,TRUE,TRUE,TRUE,TRUE,TRUE,TRUE,TRUE,TRUE,TRUE,TRUE
U1RBVksgIDYzNw,STAVRUM KEITH M,19,STATE REPRESENTATIVE,2,D,0,0,0,null,,U1RBVksgIDYzNw,STAVRUM KEITH M,19,STATE REPRESENTATIVE,2,D,0,0,0,null,,TRUE,TRUE,TRUE,TRUE,TRUE,TRUE,TRUE,TRUE,TRUE,TRUE
QlJBVUogIDUzMg,BRAUN JOHN E,20,STATE SENATOR,&nbsp;,R,177036.02,176856.02,386,93.19636391,,QlJBVUogIDUzMg,BRAUN JOHN E,20,STATE SENATOR,&nbsp;,R,177036.02,176856.02,386,93.19636391,,TRUE,TRUE,TRUE,TRUE,TRUE,TRUE,TRUE,TRUE,TRUE,TRUE
REVCT1IgIDUzMg,DEBOLT RICHARD C,20,STATE REPRESENTATIVE,1,R,60705.56,57058.41,130,97.83833794,,REVCT1IgIDUzMg,DEBOLT RICHARD C,20,STATE REPRESENTATIVE,1,R,60705.56,57058.41,130,97.83833794,,TRUE,TRUE,TRUE,TRUE,TRUE,TRUE,TRUE,TRUE,TRUE,TRUE
T1JDVUUgIDYyNg,ORCUTT EDMUND T,20,STATE REPRESENTATIVE,2,R,69196.05,65597.44,168,93.32681275,,T1JDVUUgIDYyNg,ORCUTT EDMUND T,20,STATE REPRESENTATIVE,2,R,69196.05,65597.44,168,93.32681275,,TRUE,TRUE,TRUE,TRUE,TRUE,TRUE,TRUE,TRUE,TRUE,TRUE
SEVMU0EgIDIwNA,HELS ALEXANDER R,21,STATE REPRESENTATIVE,1,L,0,0,0,null,,SEVMU0EgIDIwNA,HELS ALEXANDER R,21,STATE REPRESENTATIVE,1,L,0,0,0,null,,TRUE,TRUE,TRUE,TRUE,TRUE,TRUE,TRUE,TRUE,TRUE,TRUE
UEVURVMgIDAyNg,PETERSON STROM H,21,STATE REPRESENTATIVE,1,D,36034.17,32225,105,73.39022498,,UEVURVMgIDAyNg,PETERSON STROM H,21,STATE REPRESENTATIVE,1,D,36034.17,32225,105,73.39022498,,TRUE,TRUE,TRUE,TRUE,TRUE,TRUE,TRUE,TRUE,TRUE,TRUE
R1VUSEIgIDAyNg,GUTHRIE BRUCE M,21,STATE REPRESENTATIVE,2,L,0,0,0,null,,R1VUSEIgIDAyNg,GUTHRIE BRUCE M,21,STATE REPRESENTATIVE,2,L,0,0,0,null,,TRUE,TRUE,TRUE,TRUE,TRUE,TRUE,TRUE,TRUE,TRUE,TRUE
S0hBTk0gIDI3NQ,KHAN MOHAMMED R,21,STATE REPRESENTATIVE,2,O,0,0,0,null,,S0hBTk0gIDI3NQ,KHAN MOHAMMED R,21,STATE REPRESENTATIVE,2,O,0,0,0,null,,TRUE,TRUE,TRUE,TRUE,TRUE,TRUE,TRUE,TRUE,TRUE,TRUE
T1JUSUwgIDI3NQ,ORTIZ-SELF LILLIAN,21,STATE REPRESENTATIVE,2,D,48553.84,38085,92,77.66837338,,T1JUSUwgIDI3NQ,ORTIZ-SELF LILLIAN,21,STATE REPRESENTATIVE,2,D,48553.84,38085,92,77.66837338,,TRUE,TRUE,TRUE,TRUE,TRUE,TRUE,TRUE,TRUE,TRUE,TRUE
U0NIRUogIDA0Ng,SCHERRER JEFFERY O,21,STATE REPRESENTATIVE,2,R,11611,12111,52,15.11023037,,U0NIRUogIDA0Ng,SCHERRER JEFFERY O,21,STATE REPRESENTATIVE,2,R,11611,12111,52,15.11023037,,TRUE,TRUE,TRUE,TRUE,TRUE,TRUE,TRUE,TRUE,TRUE,TRUE
QkFMRFMgIDUwMg,BALDWIN SPENCER J,22,STATE SENATOR,&nbsp;,D,25,25,1,0,,QkFMRFMgIDUwMg,BALDWIN SPENCER J,22,STATE SENATOR,&nbsp;,D,25,25,1,0,,TRUE,TRUE,TRUE,TRUE,TRUE,TRUE,TRUE,TRUE,TRUE,TRUE
RlJBU0sgIDUwMw,FRASER KAREN R,22,STATE SENATOR,&nbsp;,D,44636.81,39607.06,526,77.77393727,,RlJBU0sgIDUwMw,FRASER KAREN R,22,STATE SENATOR,&nbsp;,D,44636.81,39607.06,526,77.77393727,,TRUE,TRUE,TRUE,TRUE,TRUE,TRUE,TRUE,TRUE,TRUE,TRUE
SFVOVFMyIDUwNg,HUNT SAMUEL W,22,STATE SENATOR,&nbsp;,D,62680.73,57274,234,79.36410937,,SFVOVFMyIDUwNg,HUNT SAMUEL W,22,STATE SENATOR,&nbsp;,D,62680.73,57274,234,79.36410937,,TRUE,TRUE,TRUE,TRUE,TRUE,TRUE,TRUE,TRUE,TRUE,TRUE
TEVFIEUgIDUwMg,LEE ERIK A,22,STATE SENATOR,&nbsp;,D,2002.7,667,10,89.50524738,,TEVFIEUgIDUwMg,LEE ERIK A,22,STATE SENATOR,&nbsp;,D,2002.7,667,10,89.50524738,,TRUE,TRUE,TRUE,TRUE,TRUE,TRUE,TRUE,TRUE,TRUE,TRUE
T1dFTlMgIDUwMQ,OWENS STEPHEN P,22,STATE SENATOR,&nbsp;,NO,700.99,700.99,2,0,,T1dFTlMgIDUwMQ,OWENS STEPHEN P,22,STATE SENATOR,&nbsp;,NO,700.99,700.99,2,0,,TRUE,TRUE,TRUE,TRUE,TRUE,TRUE,TRUE,TRUE,TRUE,TRUE
QVVTVEQgIDUwMg,AUSTIN DONALD W,22,STATE REPRESENTATIVE,1,R,0,0,0,null,,QVVTVEQgIDUwMg,AUSTIN DONALD W,22,STATE REPRESENTATIVE,1,R,0,0,0,null,,TRUE,TRUE,TRUE,TRUE,TRUE,TRUE,TRUE,TRUE,TRUE,TRUE
QkFOS0IgIDUxMw,BANKS BRADLEY N,22,STATE REPRESENTATIVE,1,D,0,0,0,null,,QkFOS0IgIDUxMw,BANKS BRADLEY N,22,STATE REPRESENTATIVE,1,D,0,0,0,null,,TRUE,TRUE,TRUE,TRUE,TRUE,TRUE,TRUE,TRUE,TRUE,TRUE
RE9MQUwgIDIwMw,DOLAN LAURIE H,22,STATE REPRESENTATIVE,1,D,76011.14,75435.09,385,61.44526374,,RE9MQUwgIDIwMw,DOLAN LAURIE H,22,STATE REPRESENTATIVE,1,D,76011.14,75435.09,385,61.44526374,,TRUE,TRUE,TRUE,TRUE,TRUE,TRUE,TRUE,TRUE,TRUE,TRUE
RURXQUYgIDUwNg,EDWARDS FRANKLIN E III,22,STATE REPRESENTATIVE,1,D,6012,6012,12,32.63473054,,RURXQUYgIDUwNg,EDWARDS FRANKLIN E III,22,STATE REPRESENTATIVE,1,D,6012,6012,12,32.63473054,,TRUE,TRUE,TRUE,TRUE,TRUE,TRUE,TRUE,TRUE,TRUE,TRUE
Sk9ITksgIDUwNw,JOHNSON KAREN A DR,22,STATE REPRESENTATIVE,1,D,13852.8,14352.8,67,47.38099883,,Sk9ITksgIDUwNw,JOHNSON KAREN A DR,22,STATE REPRESENTATIVE,1,D,13852.8,14352.8,67,47.38099883,,TRUE,TRUE,TRUE,TRUE,TRUE,TRUE,TRUE,TRUE,TRUE,TRUE
T0xTT0IgIDUwNw,OLSON BRADY J,22,STATE REPRESENTATIVE,1,D,1983.98,6705.18,50,67.78341521,,T0xTT0IgIDUwNw,OLSON BRADY J,22,STATE REPRESENTATIVE,1,D,1983.98,6705.18,50,67.78341521,,TRUE,TRUE,TRUE,TRUE,TRUE,TRUE,TRUE,TRUE,TRUE,TRUE
U1RSVVIgIDUwMQ,STRUB RHENDA I,22,STATE REPRESENTATIVE,1,D,28113.5,26308.78,81,51.86481471,,U1RSVVIgIDUwMQ,STRUB RHENDA I,22,STATE REPRESENTATIVE,1,D,28113.5,26308.78,81,51.86481471,,TRUE,TRUE,TRUE,TRUE,TRUE,TRUE,TRUE,TRUE,TRUE,TRUE
Q0FSTERZIDUwNw,CARLSON DYLAN,22,STATE REPRESENTATIVE,2,D,7345,19626,103,55.23285438,,Q0FSTERZIDUwNw,CARLSON DYLAN,22,STATE REPRESENTATIVE,2,D,7345,19626,103,55.23285438,,TRUE,TRUE,TRUE,TRUE,TRUE,TRUE,TRUE,TRUE,TRUE,TRUE
RE9HTEIgIDUwNw,DOGLIO BETH M,22,STATE REPRESENTATIVE,2,D,84214.53,83691.75,597,73.55324748,,RE9HTEIgIDUwNw,DOGLIO BETH M,22,STATE REPRESENTATIVE,2,D,84214.53,83691.75,597,73.55324748,,TRUE,TRUE,TRUE,TRUE,TRUE,TRUE,TRUE,TRUE,TRUE,TRUE
TkFTU0MgIDExMA,ROLFES CHRISTINE N,23,STATE SENATOR,&nbsp;,D,148970.46,125736.54,464,70.79485407,,TkFTU0MgIDExMA,ROLFES CHRISTINE N,23,STATE SENATOR,&nbsp;,D,148970.46,125736.54,464,70.79485407,,TRUE,TRUE,TRUE,TRUE,TRUE,TRUE,TRUE,TRUE,TRUE,TRUE
QVBQTFMgIDM3MA,APPLETON SHERRY V,23,STATE REPRESENTATIVE,1,D,72712.73,70579,264,47.30868955,,QVBQTFMgIDM3MA,APPLETON SHERRY V,23,STATE REPRESENTATIVE,1,D,72712.73,70579,264,47.30868955,,TRUE,TRUE,TRUE,TRUE,TRUE,TRUE,TRUE,TRUE,TRUE,TRUE
QllSTkwgIDM3MA,BYRNES LORETTA M,23,STATE REPRESENTATIVE,1,R,11524.35,11524.35,120,21.47626547,,QllSTkwgIDM3MA,BYRNES LORETTA M,23,STATE REPRESENTATIVE,1,R,11524.35,11524.35,120,21.47626547,,TRUE,TRUE,TRUE,TRUE,TRUE,TRUE,TRUE,TRUE,TRUE,TRUE
Q0FSUkogIDM2NA,CARROLL JOHN F,23,STATE REPRESENTATIVE,1,D,3950,3950,1,0,,Q0FSUkogIDM2NA,CARROLL JOHN F,23,STATE REPRESENTATIVE,1,D,3950,3950,1,0,,TRUE,TRUE,TRUE,TRUE,TRUE,TRUE,TRUE,TRUE,TRUE,TRUE
RkVSR0EgIDM3Mg,FERGUSON APRIL D,23,STATE REPRESENTATIVE,1,R,982,987,17,66.05876393,,RkVSR0EgIDM3Mg,FERGUSON APRIL D,23,STATE REPRESENTATIVE,1,R,982,987,17,66.05876393,,TRUE,TRUE,TRUE,TRUE,TRUE,TRUE,TRUE,TRUE,TRUE,TRUE
SEFOU0QgIDExMA,HANSEN DREW D,23,STATE REPRESENTATIVE,2,D,113569.18,89925.22,251,87.92885911,,SEFOU0QgIDExMA,HANSEN DREW D,23,STATE REPRESENTATIVE,2,D,113569.18,89925.22,251,87.92885911,,TRUE,TRUE,TRUE,TRUE,TRUE,TRUE,TRUE,TRUE,TRUE,TRUE
SEFSR0ogIDU1MA,HARGROVE JAMES E,24,STATE SENATOR,&nbsp;,D,30122.5,28685,68,89.4718494,,SEFSR0ogIDU1MA,HARGROVE JAMES E,24,STATE SENATOR,&nbsp;,D,30122.5,28685,68,89.4718494,,TRUE,TRUE,TRUE,TRUE,TRUE,TRUE,TRUE,TRUE,TRUE,TRUE
VFVSSUQgIDM2NQ,TURISSINI DANILLE A,24,STATE SENATOR,&nbsp;,O,39947.82,39427.82,110,61.23280465,,VFVSSUQgIDM2NQ,TURISSINI DANILLE A,24,STATE SENATOR,&nbsp;,O,39947.82,39427.82,110,61.23280465,,TRUE,TRUE,TRUE,TRUE,TRUE,TRUE,TRUE,TRUE,TRUE,TRUE
VkFOREsyIDM4Mg,VAN DE WEGE KEVIN W,24,STATE SENATOR,&nbsp;,D,109116.37,83088.93,164,82.49715094,,VkFOREsyIDM4Mg,VAN DE WEGE KEVIN W,24,STATE SENATOR,&nbsp;,D,109116.37,83088.93,164,82.49715094,,TRUE,TRUE,TRUE,TRUE,TRUE,TRUE,TRUE,TRUE,TRUE,TRUE
Q0hBUE0gIDM2Mg,CHAPMAN MICHAEL C,24,STATE REPRESENTATIVE,1,D,75139.1,75109.1,205,47.39771879,,Q0hBUE0gIDM2Mg,CHAPMAN MICHAEL C,24,STATE REPRESENTATIVE,1,D,75139.1,75109.1,205,47.39771879,,TRUE,TRUE,TRUE,TRUE,TRUE,TRUE,TRUE,TRUE,TRUE,TRUE
UkFNU1QgIDU1MA,RAMSAY TAMMY K,24,STATE REPRESENTATIVE,1,D,4917.36,4682,36,63.48782572,,UkFNU1QgIDU1MA,RAMSAY TAMMY K,24,STATE REPRESENTATIVE,1,D,4917.36,4682,36,63.48782572,,TRUE,TRUE,TRUE,TRUE,TRUE,TRUE,TRUE,TRUE,TRUE,TRUE
VlJBQkcgIDM2NQ,VRABLE GEORGE T,24,STATE REPRESENTATIVE,1,R,2740.56,2740.56,7,51.08444989,,VlJBQkcgIDM2NQ,VRABLE GEORGE T,24,STATE REPRESENTATIVE,1,R,2740.56,2740.56,7,51.08444989,,TRUE,TRUE,TRUE,TRUE,TRUE,TRUE,TRUE,TRUE,TRUE,TRUE
QUxHRUogIDM4Mg,ALGER JOHN D,24,STATE REPRESENTATIVE,2,O,7259.9,7259.9,34,20.38595573,,QUxHRUogIDM4Mg,ALGER JOHN D,24,STATE REPRESENTATIVE,2,O,7259.9,7259.9,34,20.38595573,,TRUE,TRUE,TRUE,TRUE,TRUE,TRUE,TRUE,TRUE,TRUE,TRUE
Q09OV1MgIDM4Mg,CONWAY STAFFORD A JR,24,STATE REPRESENTATIVE,2,L,0,0,0,null,,Q09OV1MgIDM4Mg,CONWAY STAFFORD A JR,24,STATE REPRESENTATIVE,2,L,0,0,0,null,,TRUE,TRUE,TRUE,TRUE,TRUE,TRUE,TRUE,TRUE,TRUE,TRUE
VEhBUlMgIDM4Mg,THARINGER STEPHEN P,24,STATE REPRESENTATIVE,2,D,79446.93,62875,110,92.32604374,,VEhBUlMgIDM4Mg,THARINGER STEPHEN P,24,STATE REPRESENTATIVE,2,D,79446.93,62875,110,92.32604374,,TRUE,TRUE,TRUE,TRUE,TRUE,TRUE,TRUE,TRUE,TRUE,TRUE
REFNTUIgIDM3NA,DAMMEIER BRUCE F,25,STATE SENATOR,&nbsp;,R,53506.15,53506.15,76,78.82271477,,REFNTUIgIDM3NA,DAMMEIER BRUCE F,25,STATE SENATOR,&nbsp;,R,53506.15,53506.15,76,78.82271477,,TRUE,TRUE,TRUE,TRUE,TRUE,TRUE,TRUE,TRUE,TRUE,TRUE
TUVDS0sgIDQwNA,MECKLENBURG KARL,25,STATE SENATOR,&nbsp;,D,16472,15972,56,60.1740546,,TUVDS0sgIDQwNA,MECKLENBURG KARL,25,STATE SENATOR,&nbsp;,D,16472,15972,56,60.1740546,,TRUE,TRUE,TRUE,TRUE,TRUE,TRUE,TRUE,TRUE,TRUE,TRUE
WkVJR0gyIDM3MQ,ZEIGER HANS A,25,STATE SENATOR,&nbsp;,R,225478.19,225396.04,656,86.7907351,,WkVJR0gyIDM3MQ,ZEIGER HANS A,25,STATE SENATOR,&nbsp;,R,225478.19,225396.04,656,86.7907351,,TRUE,TRUE,TRUE,TRUE,TRUE,TRUE,TRUE,TRUE,TRUE,TRUE
U01JVEogIDM3Mw,SMITH JAMIE L,25,STATE REPRESENTATIVE,1,D,32920.51,32820.51,117,26.82773668,,U01JVEogIDM3Mw,SMITH JAMIE L,25,STATE REPRESENTATIVE,1,D,32920.51,32820.51,117,26.82773668,,TRUE,TRUE,TRUE,TRUE,TRUE,TRUE,TRUE,TRUE,TRUE,TRUE
U1RBTU0gIDM5MA,STAMBAUGH MELANIE,25,STATE REPRESENTATIVE,1,R,91490.87,86051,277,84.950785,,U1RBTU0gIDM5MA,STAMBAUGH MELANIE,25,STATE REPRESENTATIVE,1,R,91490.87,86051,277,84.950785,,TRUE,TRUE,TRUE,TRUE,TRUE,TRUE,TRUE,TRUE,TRUE,TRUE
Q0hBVE0gIDM3MQ,CHATTERTON MICHELLE C,25,STATE REPRESENTATIVE,2,D,54166.27,54166.27,103,57.87550075,,Q0hBVE0gIDM3MQ,CHATTERTON MICHELLE C,25,STATE REPRESENTATIVE,2,D,54166.27,54166.27,103,57.87550075,,TRUE,TRUE,TRUE,TRUE,TRUE,TRUE,TRUE,TRUE,TRUE,TRUE
TUNET0ogIDQ0Ng,MCDONALD JOYCE,25,STATE REPRESENTATIVE,2,R,51255,51355,140,85.68785902,,TUNET0ogIDQ0Ng,MCDONALD JOYCE,25,STATE REPRESENTATIVE,2,R,51255,51355,140,85.68785902,,TRUE,TRUE,TRUE,TRUE,TRUE,TRUE,TRUE,TRUE,TRUE,TRUE
TUFUSUEgIDM2Ng,MATIAS ALEXANDER B,26,STATE REPRESENTATIVE,1,D,1950,1952.5,16,61.45966709,,TUFUSUEgIDM2Ng,MATIAS ALEXANDER B,26,STATE REPRESENTATIVE,1,D,1950,1952.5,16,61.45966709,,TRUE,TRUE,TRUE,TRUE,TRUE,TRUE,TRUE,TRUE,TRUE,TRUE
U0NIRVcgIDM2Ng,SCHEIDLER WILLIAM C,26,STATE REPRESENTATIVE,1,R,0,0,0,null,,U0NIRVcgIDM2Ng,SCHEIDLER WILLIAM C,26,STATE REPRESENTATIVE,1,R,0,0,0,null,,TRUE,TRUE,TRUE,TRUE,TRUE,TRUE,TRUE,TRUE,TRUE,TRUE
U0VBUUwyIDMzNQ,SEAQUIST LARRY R,26,STATE REPRESENTATIVE,1,O,60146.09,60296.09,208,47.34137819,,U0VBUUwyIDMzNQ,SEAQUIST LARRY R,26,STATE REPRESENTATIVE,1,O,60146.09,60296.09,208,47.34137819,,TRUE,TRUE,TRUE,TRUE,TRUE,TRUE,TRUE,TRUE,TRUE,TRUE
WU9VTkogIDMzNQ,YOUNG JESSE L,26,STATE REPRESENTATIVE,1,R,87149.63,95871.02,254,53.30599382,,WU9VTkogIDMzNQ,YOUNG JESSE L,26,STATE REPRESENTATIVE,1,R,87149.63,95871.02,254,53.82752786,,TRUE,TRUE,TRUE,TRUE,TRUE,TRUE,TRUE,TRUE,TRUE,FALSE
Q0FMRE0gIDM2Ng,CALDIER MICHELLE D,26,STATE REPRESENTATIVE,2,R,208853.45,204257.86,609,94.52023046,,Q0FMRE0gIDM2Ng,CALDIER MICHELLE D,26,STATE REPRESENTATIVE,2,R,208853.45,204257.86,609,94.52023046,,TRUE,TRUE,TRUE,TRUE,TRUE,TRUE,TRUE,TRUE,TRUE,TRUE
U1BJVFIgIDMzNQ,SPITZER RANDY E,26,STATE REPRESENTATIVE,2,O,45123.33,45898.33,360,43.43295279,,U1BJVFIgIDMzNQ,SPITZER RANDY E,26,STATE REPRESENTATIVE,2,O,45123.33,45898.33,360,44.30444419,,TRUE,TRUE,TRUE,TRUE,TRUE,TRUE,TRUE,TRUE,TRUE,FALSE
Q0xJTk0gIDQwMg,CLINE MARTIN J,27,STATE SENATOR,&nbsp;,NO,0,0,0,null,,Q0xJTk0gIDQwMg,CLINE MARTIN J,27,STATE SENATOR,&nbsp;,NO,0,0,0,null,,TRUE,TRUE,TRUE,TRUE,TRUE,TRUE,TRUE,TRUE,TRUE,TRUE
REFSTkogIDQwNg,DARNEILLE JEANNIE L,27,STATE SENATOR,&nbsp;,D,43886.41,39745.02,78,85.48240761,,REFSTkogIDQwNg,DARNEILLE JEANNIE L,27,STATE SENATOR,&nbsp;,D,43886.41,39745.02,78,85.48240761,,TRUE,TRUE,TRUE,TRUE,TRUE,TRUE,TRUE,TRUE,TRUE,TRUE
VEFZTEcgIDQyMg,TAYLOR GREGORY A,27,STATE SENATOR,&nbsp;,R,1759.54,2169.54,13,40.1006665,,VEFZTEcgIDQyMg,TAYLOR GREGORY A,27,STATE SENATOR,&nbsp;,R,1759.54,1969.54,12,44.172751,,TRUE,TRUE,TRUE,TRUE,TRUE,TRUE,TRUE,FALSE,FALSE,FALSE
SklOS0wgIDQwNw,JINKINS LAURIE A,27,STATE REPRESENTATIVE,1,D,65102.26,61519.66,130,88.28072197,,SklOS0wgIDQwNw,JINKINS LAURIE A,27,STATE REPRESENTATIVE,1,D,65102.26,61519.66,130,88.28072197,,TRUE,TRUE,TRUE,TRUE,TRUE,TRUE,TRUE,TRUE,TRUE,TRUE
RkVZIEogIDQyMg,FEY JACOB C,27,STATE REPRESENTATIVE,2,D,90878.08,69266.88,163,90.01415973,,RkVZIEogIDQyMg,FEY JACOB C,27,STATE REPRESENTATIVE,2,D,90878.08,69266.88,163,90.01415973,,TRUE,TRUE,TRUE,TRUE,TRUE,TRUE,TRUE,TRUE,TRUE,TRUE
VkFMTEogIDQwNQ,VALLERY-WATSON JEREMY E,27,STATE REPRESENTATIVE,2,D,0,0,0,null,,VkFMTEogIDQwNQ,VALLERY-WATSON JEREMY E,27,STATE REPRESENTATIVE,2,D,0,0,0,null,,TRUE,TRUE,TRUE,TRUE,TRUE,TRUE,TRUE,TRUE,TRUE,TRUE
T0JBTlMgIDEwMQ,O'BAN STEVEN T,28,STATE SENATOR,&nbsp;,R,292344.76,293644.76,793,90.53773682,,T0JBTlMgIDEwMQ,O'BAN STEVEN T,28,STATE SENATOR,&nbsp;,R,292344.76,293644.76,793,90.53773682,,TRUE,TRUE,TRUE,TRUE,TRUE,TRUE,TRUE,TRUE,TRUE,TRUE
UEVMT00gIDQ2Ng,PELOQUIN MARISA K,28,STATE SENATOR,&nbsp;,D,120394.97,120494.97,249,63.75535842,,UEVMT00gIDQ2Ng,PELOQUIN MARISA K,28,STATE SENATOR,&nbsp;,D,120394.97,120494.97,249,63.75535842,,TRUE,TRUE,TRUE,TRUE,TRUE,TRUE,TRUE,TRUE,TRUE,TRUE
R0lST0EgIDQ2Ng,GIROUX ANNE S,28,STATE REPRESENTATIVE,1,D,0,0,0,null,,R0lST0EgIDQ2Ng,GIROUX ANNE S,28,STATE REPRESENTATIVE,1,D,0,0,0,null,,TRUE,TRUE,TRUE,TRUE,TRUE,TRUE,TRUE,TRUE,TRUE,TRUE
S1JVR00yIDQ2Ng,KRUGER LEAVITT MARI L,28,STATE REPRESENTATIVE,1,D,111073.9,111073.9,141,79.5425388,,S1JVR00yIDQ2Ng,KRUGER LEAVITT MARI L,28,STATE REPRESENTATIVE,1,D,111073.9,111073.9,141,79.5425388,,TRUE,TRUE,TRUE,TRUE,TRUE,TRUE,TRUE,TRUE,TRUE,TRUE
TVVSSVIgIDM4OA,MURI RICHARD W,28,STATE REPRESENTATIVE,1,R,62776.2,62584.5,347,65.95083447,,TVVSSVIgIDM4OA,MURI RICHARD W,28,STATE REPRESENTATIVE,1,R,62776.2,62584.5,347,65.95083447,,TRUE,TRUE,TRUE,TRUE,TRUE,TRUE,TRUE,TRUE,TRUE,TRUE
S0lMREMgIDQ2Ng,KILDUFF CHRISTINE J,28,STATE REPRESENTATIVE,2,D,132318.68,124804.32,367,84.5849086,,S0lMREMgIDQ2Ng,KILDUFF CHRISTINE J,28,STATE REPRESENTATIVE,2,D,132318.68,124804.32,367,84.5849086,,TRUE,TRUE,TRUE,TRUE,TRUE,TRUE,TRUE,TRUE,TRUE,TRUE
TFlPTkIgIDM4Nw,LYONS BRANDON A,28,STATE REPRESENTATIVE,2,L,0,0,0,null,,TFlPTkIgIDM4Nw,LYONS BRANDON A,28,STATE REPRESENTATIVE,2,L,0,0,0,null,,TRUE,TRUE,TRUE,TRUE,TRUE,TRUE,TRUE,TRUE,TRUE,TRUE
V0FHRUogIDQ5OA,WAGEMANN JOHN P,28,STATE REPRESENTATIVE,2,R,9182.8,860,9,81.39534884,,V0FHRUogIDQ5OA,WAGEMANN JOHN P,28,STATE REPRESENTATIVE,2,R,9182.8,860,9,81.39534884,,TRUE,TRUE,TRUE,TRUE,TRUE,TRUE,TRUE,TRUE,TRUE,TRUE
V0lOS00gIDMyNw,WINKLER MICHAEL S,28,STATE REPRESENTATIVE,2,R,27332.67,27332.67,157,42.48761647,,V0lOS00gIDMyNw,WINKLER MICHAEL S,28,STATE REPRESENTATIVE,2,R,27332.67,27332.67,157,42.48761647,,TRUE,TRUE,TRUE,TRUE,TRUE,TRUE,TRUE,TRUE,TRUE,TRUE
RFVSU0IgIDQwOA,DURST BRANDEN J,29,STATE REPRESENTATIVE,1,D,7200,7200,26,60.06944444,,RFVSU0IgIDQwOA,DURST BRANDEN J,29,STATE REPRESENTATIVE,1,D,7200,7200,26,60.06944444,,TRUE,TRUE,TRUE,TRUE,TRUE,TRUE,TRUE,TRUE,TRUE,TRUE
U0FXWUQgIDQ0NA,SAWYER DAVID J,29,STATE REPRESENTATIVE,1,D,144568.35,144068.35,217,79.96621048,,U0FXWUQgIDQ0NA,SAWYER DAVID J,29,STATE REPRESENTATIVE,1,D,144568.35,144068.35,217,79.96621048,,TRUE,TRUE,TRUE,TRUE,TRUE,TRUE,TRUE,TRUE,TRUE,TRUE
VEhPTVIgIDQ0NA,THOMAS RICHARD G,29,STATE REPRESENTATIVE,1,O,23812.5,23812.5,133,82.41049869,,VEhPTVIgIDQ0NA,THOMAS RICHARD G,29,STATE REPRESENTATIVE,1,O,23812.5,23812.5,133,82.41049869,,TRUE,TRUE,TRUE,TRUE,TRUE,TRUE,TRUE,TRUE,TRUE,TRUE
R0FSQ0ogIDQwNQ,GARCIA JESSICA J,29,STATE REPRESENTATIVE,2,R,6024.01,5321.82,34,73.90328872,,R0FSQ0ogIDQwNQ,GARCIA JESSICA J,29,STATE REPRESENTATIVE,2,R,6024.01,5321.82,34,73.90328872,,TRUE,TRUE,TRUE,TRUE,TRUE,TRUE,TRUE,TRUE,TRUE,TRUE
S0lSQlMgIDQwOQ,KIRBY STEVEN T,29,STATE REPRESENTATIVE,2,D,68228.04,71178.04,157,93.94049063,,S0lSQlMgIDQwOQ,KIRBY STEVEN T,29,STATE REPRESENTATIVE,2,D,68228.04,71178.04,157,93.94049063,,TRUE,TRUE,TRUE,TRUE,TRUE,TRUE,TRUE,TRUE,TRUE,TRUE
S09DSEwgIDAwMw,KOCHMAR LINDA L,30,STATE REPRESENTATIVE,1,R,97185.7,97053.85,256,81.26931595,,S09DSEwgIDAwMw,KOCHMAR LINDA L,30,STATE REPRESENTATIVE,1,R,97185.7,97053.85,256,81.26931595,,TRUE,TRUE,TRUE,TRUE,TRUE,TRUE,TRUE,TRUE,TRUE,TRUE
UEVMTE0gIDA5Mw,PELLICCIOTTI MICHAEL J,30,STATE REPRESENTATIVE,1,D,114196.46,114196.46,600,76.41918147,,UEVMTE0gIDA5Mw,PELLICCIOTTI MICHAEL J,30,STATE REPRESENTATIVE,1,D,114196.46,114196.46,600,76.41918147,,TRUE,TRUE,TRUE,TRUE,TRUE,TRUE,TRUE,TRUE,TRUE,TRUE
RURXQVIgIDAyMw,EDWARDS ROSE O,30,STATE REPRESENTATIVE,2,D,2868.69,2822,30,26.22253721,,RURXQVIgIDAyMw,EDWARDS ROSE O,30,STATE REPRESENTATIVE,2,D,2868.69,2822,30,26.22253721,,TRUE,TRUE,TRUE,TRUE,TRUE,TRUE,TRUE,TRUE,TRUE,TRUE
SElDS1QgIDM1NA,HICKEL TERI H,30,STATE REPRESENTATIVE,2,R,96101.54,96101.54,181,63.81375366,,SElDS1QgIDM1NA,HICKEL TERI H,30,STATE REPRESENTATIVE,2,R,96101.54,96101.54,181,63.81375366,,TRUE,TRUE,TRUE,TRUE,TRUE,TRUE,TRUE,TRUE,TRUE,TRUE
UkVFVksgIDA5Mw,REEVES KRISTINE M,30,STATE REPRESENTATIVE,2,D,55866.86,55211.86,190,70.46674392,,UkVFVksgIDA5Mw,REEVES KRISTINE M,30,STATE REPRESENTATIVE,2,D,55866.86,55211.86,190,70.46674392,,TRUE,TRUE,TRUE,TRUE,TRUE,TRUE,TRUE,TRUE,TRUE,TRUE
RlJPU0ogIDM3MQ,FROSTAD JOHN P,31,STATE REPRESENTATIVE,1,L,2569.47,2005.33,11,21.69219031,,RlJPU0ogIDM3MQ,FROSTAD JOHN P,31,STATE REPRESENTATIVE,1,L,2569.47,2005.33,11,21.69219031,,TRUE,TRUE,TRUE,TRUE,TRUE,TRUE,TRUE,TRUE,TRUE,TRUE
U1RPS0EgIDA5Mg,STOKESBARY ANDREW R,31,STATE REPRESENTATIVE,1,R,103967.86,102968.22,204,93.1646677,,U1RPS0EgIDA5Mg,STOKESBARY ANDREW R,31,STATE REPRESENTATIVE,1,R,103967.86,102968.22,204,93.1646677,,TRUE,TRUE,TRUE,TRUE,TRUE,TRUE,TRUE,TRUE,TRUE,TRUE
Rk9SVFAgIDAzMQ,FORTUNATO PHILIP D,31,STATE REPRESENTATIVE,2,O,23689,23599,164,59.19318615,,Rk9SVFAgIDAzMQ,FORTUNATO PHILIP D,31,STATE REPRESENTATIVE,2,O,23689,23599,164,59.19318615,,TRUE,TRUE,TRUE,TRUE,TRUE,TRUE,TRUE,TRUE,TRUE,TRUE
SFVSU0MgIDAyMg,HURST CHRISTOPHER A,31,STATE REPRESENTATIVE,2,D,100834.04,100834.04,77,48.64726237,,SFVSU0MgIDAyMg,HURST CHRISTOPHER A,31,STATE REPRESENTATIVE,2,D,100834.04,100834.04,77,48.64726237,,TRUE,TRUE,TRUE,TRUE,TRUE,TRUE,TRUE,TRUE,TRUE,TRUE
SVJXSU0gIDAyMg,IRWIN MORGAN T,31,STATE REPRESENTATIVE,2,R,14737.94,14737.94,24,79.79405534,,SVJXSU0gIDAyMg,IRWIN MORGAN T,31,STATE REPRESENTATIVE,2,R,14737.94,14737.94,24,79.79405534,,TRUE,TRUE,TRUE,TRUE,TRUE,TRUE,TRUE,TRUE,TRUE,TRUE
TEVZQkMgIDM5MQ,LEYBA CHRISTOPHER S,31,STATE REPRESENTATIVE,2,R,0,0,0,null,,TEVZQkMgIDM5MQ,LEYBA CHRISTOPHER S,31,STATE REPRESENTATIVE,2,R,0,0,0,null,,TRUE,TRUE,TRUE,TRUE,TRUE,TRUE,TRUE,TRUE,TRUE,TRUE
TU9OUlAgIDM5MA,MONROY PABLO,31,STATE REPRESENTATIVE,2,R,7013.25,7013.25,56,73.01892846,,TU9OUlAgIDM5MA,MONROY PABLO,31,STATE REPRESENTATIVE,2,R,7013.25,7013.25,56,73.01892846,,TRUE,TRUE,TRUE,TRUE,TRUE,TRUE,TRUE,TRUE,TRUE,TRUE
V0FMVEwgIDAyMg,WALTHERS LANE C,31,STATE REPRESENTATIVE,2,O,50509.19,50509.19,128,84.54699036,,V0FMVEwgIDAyMg,WALTHERS LANE C,31,STATE REPRESENTATIVE,2,O,50509.19,50509.19,128,84.54699036,,TRUE,TRUE,TRUE,TRUE,TRUE,TRUE,TRUE,TRUE,TRUE,TRUE
UlVUTEEgIDAyNg,RUTLEDGE ALVIN A JR,32,STATE REPRESENTATIVE,1,R,0,0,0,null,,UlVUTEEgIDAyNg,RUTLEDGE ALVIN A JR,32,STATE REPRESENTATIVE,1,R,0,0,0,null,,TRUE,TRUE,TRUE,TRUE,TRUE,TRUE,TRUE,TRUE,TRUE,TRUE
UllVIEMgIDEzMw,RYU CINDY S,32,STATE REPRESENTATIVE,1,D,41845.14,27554.08,81,93.32556195,,UllVIEMgIDEzMw,RYU CINDY S,32,STATE REPRESENTATIVE,1,D,41845.14,27554.08,81,93.32556195,,TRUE,TRUE,TRUE,TRUE,TRUE,TRUE,TRUE,TRUE,TRUE,TRUE
U01JVEsgIDAzNg,SMITH KEITH R,32,STATE REPRESENTATIVE,1,NO,0,0,0,null,,U01JVEsgIDAzNg,SMITH KEITH R,32,STATE REPRESENTATIVE,1,NO,0,0,0,null,,TRUE,TRUE,TRUE,TRUE,TRUE,TRUE,TRUE,TRUE,TRUE,TRUE
SVJXSVcgIDEzMw,IRWIN WESLEY D,32,STATE REPRESENTATIVE,2,D,2800,2340,8,96.36752137,,SVJXSVcgIDEzMw,IRWIN WESLEY D,32,STATE REPRESENTATIVE,2,D,2800,2340,8,96.36752137,,TRUE,TRUE,TRUE,TRUE,TRUE,TRUE,TRUE,TRUE,TRUE,TRUE
S0FHSVIgIDE1NQ,KAGI RUTH LECOCQ,32,STATE REPRESENTATIVE,2,D,112961.98,105193.69,370,92.99387634,,S0FHSVIgIDE1NQ,KAGI RUTH LECOCQ,32,STATE REPRESENTATIVE,2,D,112961.98,105193.69,370,92.99387634,,TRUE,TRUE,TRUE,TRUE,TRUE,TRUE,TRUE,TRUE,TRUE,TRUE
U0NISUQgIDAzNg,SCHIRLE DAVID D,32,STATE REPRESENTATIVE,2,R,866,866,9,89.49191686,,U0NISUQgIDAzNg,SCHIRLE DAVID D,32,STATE REPRESENTATIVE,2,R,866,866,9,89.49191686,,TRUE,TRUE,TRUE,TRUE,TRUE,TRUE,TRUE,TRUE,TRUE,TRUE
SEFSVEEgIDE1NQ,HART ALEX R,32,STATE REPRESENTATIVE,U,L,460,460,1,0,,SEFSVEEgIDE1NQ,HART ALEX R,32,STATE REPRESENTATIVE,U,L,460,460,1,0,,TRUE,TRUE,TRUE,TRUE,TRUE,TRUE,TRUE,TRUE,TRUE,TRUE
T1JXQVQgIDE2Ng,ORWALL TINA L,33,STATE REPRESENTATIVE,1,D,50341.51,44934.95,147,75.12034619,,T1JXQVQgIDE2Ng,ORWALL TINA L,33,STATE REPRESENTATIVE,1,D,50341.51,44934.95,147,75.12034619,,TRUE,TRUE,TRUE,TRUE,TRUE,TRUE,TRUE,TRUE,TRUE,TRUE
UE9UVEogIDE2OA,POTTER JOHN S,33,STATE REPRESENTATIVE,1,R,0,0,0,null,,UE9UVEogIDE2OA,POTTER JOHN S,33,STATE REPRESENTATIVE,1,R,0,0,0,null,,TRUE,TRUE,TRUE,TRUE,TRUE,TRUE,TRUE,TRUE,TRUE,TRUE
U0NIQUMgIDE0OA,SCHAEFER CHARLES J,33,STATE REPRESENTATIVE,1,L,0,0,0,null,,U0NIQUMgIDE0OA,SCHAEFER CHARLES J,33,STATE REPRESENTATIVE,1,L,0,0,0,null,,TRUE,TRUE,TRUE,TRUE,TRUE,TRUE,TRUE,TRUE,TRUE,TRUE
R1JFR00gIDE4OA,GREGERSON MIA SU-LING,33,STATE REPRESENTATIVE,2,D,33759.08,46103.73,86,56.73076777,,R1JFR00gIDE4OA,GREGERSON MIA SU-LING,33,STATE REPRESENTATIVE,2,D,33759.08,46103.73,86,56.73076777,,TRUE,TRUE,TRUE,TRUE,TRUE,TRUE,TRUE,TRUE,TRUE,TRUE
UE9MTFAgIDE5OA,POLLOCK PAMELA,33,STATE REPRESENTATIVE,2,R,7909.74,7909.74,51,74.21230028,,UE9MTFAgIDE5OA,POLLOCK PAMELA,33,STATE REPRESENTATIVE,2,R,7909.74,7909.74,51,74.21230028,,TRUE,TRUE,TRUE,TRUE,TRUE,TRUE,TRUE,TRUE,TRUE,TRUE
QkVOU00gIDE0Ng,BENSON MATTHEW G,34,STATE REPRESENTATIVE,1,R,0,0,0,null,,QkVOU00gIDE0Ng,BENSON MATTHEW G,34,STATE REPRESENTATIVE,1,R,0,0,0,null,,TRUE,TRUE,TRUE,TRUE,TRUE,TRUE,TRUE,TRUE,TRUE,TRUE
Q09EWUUgIDEyNg,CODY EILEEN L,34,STATE REPRESENTATIVE,1,D,104830.46,64571,140,96.94290006,,Q09EWUUgIDEyNg,CODY EILEEN L,34,STATE REPRESENTATIVE,1,D,104830.46,64571,140,96.94290006,,TRUE,TRUE,TRUE,TRUE,TRUE,TRUE,TRUE,TRUE,TRUE,TRUE
S09MREIgIDExMQ,KOLDING BRENDAN B,34,STATE REPRESENTATIVE,1,D,0,0,0,null,,S09MREIgIDExMQ,KOLDING BRENDAN B,34,STATE REPRESENTATIVE,1,D,0,0,0,null,,TRUE,TRUE,TRUE,TRUE,TRUE,TRUE,TRUE,TRUE,TRUE,TRUE
U0hFRkMgIDExNg,SHEFFER CHARLES K,34,STATE REPRESENTATIVE,1,R,7450,9970,33,93.22968907,,U0hFRkMgIDExNg,SHEFFER CHARLES K,34,STATE REPRESENTATIVE,1,R,7450,9970,33,93.22968907,,TRUE,TRUE,TRUE,TRUE,TRUE,TRUE,TRUE,TRUE,TRUE,TRUE
RklUWkogIDE2Ng,FITZGIBBON JOSEPH C,34,STATE REPRESENTATIVE,2,D,78057.95,74593,132,96.31734881,,RklUWkogIDE2Ng,FITZGIBBON JOSEPH C,34,STATE REPRESENTATIVE,2,D,78057.95,74593,132,96.31734881,,TRUE,TRUE,TRUE,TRUE,TRUE,TRUE,TRUE,TRUE,TRUE,TRUE
UElMTEEgIDE5NA,PILLOUD ANDREW,34,STATE REPRESENTATIVE,2,R,7589.64,7589.64,24,15.3103441,,UElMTEEgIDE5NA,PILLOUD ANDREW,34,STATE REPRESENTATIVE,2,R,7589.64,7589.64,24,15.3103441,,TRUE,TRUE,TRUE,TRUE,TRUE,TRUE,TRUE,TRUE,TRUE,TRUE
Qk9XTEkgIDMxMg,BOWLING IRENE R,35,STATE REPRESENTATIVE,1,D,57554.26,53585.18,204,60.16262332,,Qk9XTEkgIDMxMg,BOWLING IRENE R,35,STATE REPRESENTATIVE,1,D,57554.26,53585.18,204,60.16262332,,TRUE,TRUE,TRUE,TRUE,TRUE,TRUE,TRUE,TRUE,TRUE,TRUE
R1JJRkRBIDUyNA,GRIFFEY DANIEL G,35,STATE REPRESENTATIVE,1,R,64259.42,64202.58,210,53.27667517,,R1JJRkRBIDUyNA,GRIFFEY DANIEL G,35,STATE REPRESENTATIVE,1,R,64259.42,64202.58,210,53.27667517,,TRUE,TRUE,TRUE,TRUE,TRUE,TRUE,TRUE,TRUE,TRUE,TRUE
TUFDRUQgIDU5Mg,MACEWEN DREW C,35,STATE REPRESENTATIVE,2,R,58914.35,58810,184,58.78251998,,TUFDRUQgIDU5Mg,MACEWEN DREW C,35,STATE REPRESENTATIVE,2,R,58914.35,58810,184,58.78251998,,TRUE,TRUE,TRUE,TRUE,TRUE,TRUE,TRUE,TRUE,TRUE,TRUE
UEFUVEMgIDUyOA,PATTI CRAIG M,35,STATE REPRESENTATIVE,2,D,69696.61,69696.61,207,60.95705372,,UEFUVEMgIDUyOA,PATTI CRAIG M,35,STATE REPRESENTATIVE,2,D,69696.61,69696.61,207,60.95705372,,TRUE,TRUE,TRUE,TRUE,TRUE,TRUE,TRUE,TRUE,TRUE,TRUE
Q0FSTFIyIDExOQ,CARLYLE REUVEN M,36,STATE SENATOR,&nbsp;,D,65782.5,26341,44,78.96435215,,Q0FSTFIyIDExOQ,CARLYLE REUVEN M,36,STATE SENATOR,&nbsp;,D,65782.5,26341,44,78.96435215,,TRUE,TRUE,TRUE,TRUE,TRUE,TRUE,TRUE,TRUE,TRUE,TRUE
RlJBTU4gIDExMQ,FRAME NOEL C,36,STATE REPRESENTATIVE,1,D,45111.43,45111.43,252,70.92215875,,RlJBTU4gIDExMQ,FRAME NOEL C,36,STATE REPRESENTATIVE,1,D,45111.43,45111.43,252,70.92215875,,TRUE,TRUE,TRUE,TRUE,TRUE,TRUE,TRUE,TRUE,TRUE,TRUE
VEFSTEcgIDEwOQ,TARLETON GAEL D,36,STATE REPRESENTATIVE,2,D,98036.1,87978.74,257,83.02005689,,VEFSTEcgIDEwOQ,TARLETON GAEL D,36,STATE REPRESENTATIVE,2,D,98036.1,87978.74,257,83.02005689,,TRUE,TRUE,TRUE,TRUE,TRUE,TRUE,TRUE,TRUE,TRUE,TRUE
RElDS0ogIDExOA,DICKINSON JOHN R,37,STATE REPRESENTATIVE,1,NO,0,0,0,null,,RElDS0ogIDExOA,DICKINSON JOHN R,37,STATE REPRESENTATIVE,1,NO,0,0,0,null,,TRUE,TRUE,TRUE,TRUE,TRUE,TRUE,TRUE,TRUE,TRUE,TRUE
U0FOVFMgIDExOA,SANTOS SHARON T,37,STATE REPRESENTATIVE,1,D,46797.74,43864,101,95.03009301,,U0FOVFMgIDExOA,SANTOS SHARON T,37,STATE REPRESENTATIVE,1,D,46797.74,43864,101,95.03009301,,TRUE,TRUE,TRUE,TRUE,TRUE,TRUE,TRUE,TRUE,TRUE,TRUE
SEFMV0MgIDA1Nw,HALWACHS CARRERA,37,STATE REPRESENTATIVE,2,L,0,0,0,null,,SEFMV0MgIDA1Nw,HALWACHS CARRERA,37,STATE REPRESENTATIVE,2,L,0,0,0,null,,TRUE,TRUE,TRUE,TRUE,TRUE,TRUE,TRUE,TRUE,TRUE,TRUE
UEVUVEUgIDExOA,PETTIGREW ERIC,37,STATE REPRESENTATIVE,2,D,80915.26,76154.74,106,92.83729417,,UEVUVEUgIDExOA,PETTIGREW ERIC,37,STATE REPRESENTATIVE,2,D,80915.26,76154.74,106,92.83729417,,TRUE,TRUE,TRUE,TRUE,TRUE,TRUE,TRUE,TRUE,TRUE,TRUE
U01JTFQgIDE3OA,SMILANICH TAMRA M,37,STATE REPRESENTATIVE,2,NO,0,0,0,null,,U01JTFQgIDE3OA,SMILANICH TAMRA M,37,STATE REPRESENTATIVE,2,NO,0,0,0,null,,TRUE,TRUE,TRUE,TRUE,TRUE,TRUE,TRUE,TRUE,TRUE,TRUE
Uk9CSUogIDIwNg,ROBINSON JUNE G,38,STATE REPRESENTATIVE,1,D,71205.63,58310.5,158,79.8243884,,Uk9CSUogIDIwNg,ROBINSON JUNE G,38,STATE REPRESENTATIVE,1,D,71205.63,58310.5,158,79.8243884,,TRUE,TRUE,TRUE,TRUE,TRUE,TRUE,TRUE,TRUE,TRUE,TRUE
RFJJU1MgIDI3MQ,DRISCOLL SHANE M,38,STATE REPRESENTATIVE,2,L,0,0,0,null,,RFJJU1MgIDI3MQ,DRISCOLL SHANE M,38,STATE REPRESENTATIVE,2,L,0,0,0,null,,TRUE,TRUE,TRUE,TRUE,TRUE,TRUE,TRUE,TRUE,TRUE,TRUE
Sk9ITkIgIDI3MQ,JOHNSON BERT,38,STATE REPRESENTATIVE,2,I,0,0,0,null,,Sk9ITkIgIDI3MQ,JOHNSON BERT,38,STATE REPRESENTATIVE,2,I,0,0,0,null,,TRUE,TRUE,TRUE,TRUE,TRUE,TRUE,TRUE,TRUE,TRUE,TRUE
U0VMTE0gIDIwMQ,SELLS MICHAEL S,38,STATE REPRESENTATIVE,2,D,65014.47,30675,55,90.79054605,,U0VMTE0gIDIwMQ,SELLS MICHAEL S,38,STATE REPRESENTATIVE,2,D,65014.47,30675,55,90.79054605,,TRUE,TRUE,TRUE,TRUE,TRUE,TRUE,TRUE,TRUE,TRUE,TRUE
UEVBUktKIDI3Mg,PEARSON KIRK J,39,STATE SENATOR,&nbsp;,R,98887.55,96515.2,261,88.79948443,,UEVBUktKIDI3Mg,PEARSON KIRK J,39,STATE SENATOR,&nbsp;,R,98887.55,96515.2,261,88.79948443,,TRUE,TRUE,TRUE,TRUE,TRUE,TRUE,TRUE,TRUE,TRUE,TRUE
S1JJU0QgIDI5MQ,KRISTIANSEN DANIEL P,39,STATE REPRESENTATIVE,1,R,208424.66,200973.45,324,97.7534346,,S1JJU0QgIDI5MQ,KRISTIANSEN DANIEL P,39,STATE REPRESENTATIVE,1,R,208424.66,200973.45,324,97.7534346,,TRUE,TRUE,TRUE,TRUE,TRUE,TRUE,TRUE,TRUE,TRUE,TRUE
V1JJR0wgIDIyMw,WRIGHT LINDA M,39,STATE REPRESENTATIVE,1,D,4988.84,4939.81,11,54.65797268,,V1JJR0wgIDIyMw,WRIGHT LINDA M,39,STATE REPRESENTATIVE,1,D,4988.84,4939.81,11,55.67015735,,TRUE,TRUE,TRUE,TRUE,TRUE,TRUE,TRUE,TRUE,TRUE,FALSE
S09TVEogIDI3MA,KOSTER JOHN M,39,STATE REPRESENTATIVE,2,R,66208.36,64093.36,229,82.14735505,,S09TVEogIDI3MA,KOSTER JOHN M,39,STATE REPRESENTATIVE,2,R,66208.36,64093.36,229,82.14735505,,TRUE,TRUE,TRUE,TRUE,TRUE,TRUE,TRUE,TRUE,TRUE,TRUE
TUVUQ1IgIDI3MQ,METCALF RONDA K,39,STATE REPRESENTATIVE,2,D,14717,14817,46,70.69582237,,TUVUQ1IgIDI3MQ,METCALF RONDA K,39,STATE REPRESENTATIVE,2,D,14717,14817,46,70.69582237,,TRUE,TRUE,TRUE,TRUE,TRUE,TRUE,TRUE,TRUE,TRUE,TRUE
U0NPVEUgIDAyMA,SCOTT ELIZABETH K,39,STATE REPRESENTATIVE,2,R,871,540.32,1,0,,U0NPVEUgIDAyMA,SCOTT ELIZABETH K,39,STATE REPRESENTATIVE,2,R,871,540.32,1,0,,TRUE,TRUE,TRUE,TRUE,TRUE,TRUE,TRUE,TRUE,TRUE,TRUE
UkFOS0sgIDI1MA,RANKER KEVIN M,40,STATE SENATOR,&nbsp;,D,89334.76,88984.76,224,88.17240166,,UkFOS0sgIDI1MA,RANKER KEVIN M,40,STATE SENATOR,&nbsp;,D,89334.76,88984.76,224,88.17240166,,TRUE,TRUE,TRUE,TRUE,TRUE,TRUE,TRUE,TRUE,TRUE,TRUE
TUlMTEQgIDI1MA,MILLER DANIEL R,40,STATE SENATOR,&nbsp;,R,0,0,0,null,,TUlMTEQgIDI1MA,MILLER DANIEL R,40,STATE SENATOR,&nbsp;,R,0,0,0,null,,TRUE,TRUE,TRUE,TRUE,TRUE,TRUE,TRUE,TRUE,TRUE,TRUE
TFlUVEsgIDIyMQ,LYTTON KRISTINE C,40,STATE REPRESENTATIVE,1,D,78800.06,73319.35,130,96.08650377,,TFlUVEsgIDIyMQ,LYTTON KRISTINE C,40,STATE REPRESENTATIVE,1,D,78800.06,73319.35,130,96.08650377,,TRUE,TRUE,TRUE,TRUE,TRUE,TRUE,TRUE,TRUE,TRUE,TRUE
TU9SUkogIDI3Mw,MORRIS JEFFREY R,40,STATE REPRESENTATIVE,2,D,70383.61,44195.99,87,93.10799464,,TU9SUkogIDI3Mw,MORRIS JEFFREY R,40,STATE REPRESENTATIVE,2,D,70383.61,44195.99,87,93.10799464,,TRUE,TRUE,TRUE,TRUE,TRUE,TRUE,TRUE,TRUE,TRUE,TRUE
REVHR0cgIDAwNg,DEGGINGER GRANT S,41,STATE SENATOR,&nbsp;,D,2638.52,2750,2,0,,REVHR0cgIDAwNg,DEGGINGER GRANT S,41,STATE SENATOR,&nbsp;,D,2638.52,2750,2,0,,TRUE,TRUE,TRUE,TRUE,TRUE,TRUE,TRUE,TRUE,TRUE,TRUE
TElUWlMgIDA0MA,LITZOW STEPHEN R,41,STATE SENATOR,&nbsp;,R,347523.51,348173.51,616,86.19208279,,TElUWlMgIDA0MA,LITZOW STEPHEN R,41,STATE SENATOR,&nbsp;,R,347523.51,348173.51,616,86.19208279,,TRUE,TRUE,TRUE,TRUE,TRUE,TRUE,TRUE,TRUE,TRUE,TRUE
UEFTU0ogIDAwNg,PASS JOHN J,41,STATE SENATOR,&nbsp;,R,2584.45,2584.45,17,42.34634061,,UEFTU0ogIDAwNg,PASS JOHN J,41,STATE SENATOR,&nbsp;,R,2584.45,2584.45,17,42.34634061,,TRUE,TRUE,TRUE,TRUE,TRUE,TRUE,TRUE,TRUE,TRUE,TRUE
U0lNT0IgIDAwNA,SIMONSON BRYAN M,41,STATE SENATOR,&nbsp;,L,8418.07,8418.07,9,4.976200008,,U0lNT0IgIDAwNA,SIMONSON BRYAN M,41,STATE SENATOR,&nbsp;,L,8418.07,8418.07,9,4.976200008,,TRUE,TRUE,TRUE,TRUE,TRUE,TRUE,TRUE,TRUE,TRUE,TRUE
V0VMTEwgIDA0MA,WELLMAN LISA,41,STATE SENATOR,&nbsp;,D,117102.22,117868.22,276,67.80172807,,V0VMTEwgIDA0MA,WELLMAN LISA,41,STATE SENATOR,&nbsp;,D,117102.22,117868.22,276,67.80172807,,TRUE,TRUE,TRUE,TRUE,TRUE,TRUE,TRUE,TRUE,TRUE,TRUE
QVBQTE0gIDAwNg,APPLEBY MICHAEL A,41,STATE REPRESENTATIVE,2,R,39447,53447,49,13.10082886,,QVBQTE0gIDAwNg,APPLEBY MICHAEL A,41,STATE REPRESENTATIVE,2,R,39447,53447,49,13.10082886,,TRUE,TRUE,TRUE,TRUE,TRUE,TRUE,TRUE,TRUE,TRUE,TRUE
Q0xJQkogIDA0MA,CLIBBORN JUDITH R,41,STATE REPRESENTATIVE,2,D,116368.66,66671,154,91.87052842,,Q0xJQkogIDA0MA,CLIBBORN JUDITH R,41,STATE REPRESENTATIVE,2,D,116368.66,66671,154,91.87052842,,TRUE,TRUE,TRUE,TRUE,TRUE,TRUE,TRUE,TRUE,TRUE,TRUE
UE9QUFcgIDAwNA,POPP WILLIAM E SR,41,STATE REPRESENTATIVE,2,D,0,0,0,null,,UE9QUFcgIDAwNA,POPP WILLIAM E SR,41,STATE REPRESENTATIVE,2,D,0,0,0,null,,TRUE,TRUE,TRUE,TRUE,TRUE,TRUE,TRUE,TRUE,TRUE,TRUE
U0VOTlQgIDA0MA,SENN TANA D,41,STATE REPRESENTATIVE,U,D,74855.18,53253,181,76.00510769,,U0VOTlQgIDA0MA,SENN TANA D,41,STATE REPRESENTATIVE,U,D,74855.18,53253,181,76.00510769,,TRUE,TRUE,TRUE,TRUE,TRUE,TRUE,TRUE,TRUE,TRUE,TRUE
S0FSTEQgIDIyNw,KARLBERG DOUGLAS F,42,STATE REPRESENTATIVE,1,NO,1538.6,1538.6,16,19.49824516,,S0FSTEQgIDIyNw,KARLBERG DOUGLAS F,42,STATE REPRESENTATIVE,1,NO,1538.6,1538.6,16,19.49824516,,TRUE,TRUE,TRUE,TRUE,TRUE,TRUE,TRUE,TRUE,TRUE,TRUE
TEFDTFMgIDI0OA,LACLAIR SHARLAINE M,42,STATE REPRESENTATIVE,1,D,17610,17610,127,58.83021011,,TEFDTFMgIDI0OA,LACLAIR SHARLAINE M,42,STATE REPRESENTATIVE,1,D,17610,17610,127,58.83021011,,TRUE,TRUE,TRUE,TRUE,TRUE,TRUE,TRUE,TRUE,TRUE,TRUE
TEFNT0ogIDIzMA,LAMONT JACOB D,42,STATE REPRESENTATIVE,1,L,7768.25,7768.25,16,56.61828597,,TEFNT0ogIDIzMA,LAMONT JACOB D,42,STATE REPRESENTATIVE,1,L,7768.25,7768.25,16,56.61828597,,TRUE,TRUE,TRUE,TRUE,TRUE,TRUE,TRUE,TRUE,TRUE,TRUE
VkFOV0wgIDIyOA,VAN WERVEN LUANNE E,42,STATE REPRESENTATIVE,1,R,74223.46,74223.46,382,55.02977091,,VkFOV0wgIDIyOA,VAN WERVEN LUANNE E,42,STATE REPRESENTATIVE,1,R,74223.46,74223.46,382,55.02977091,,TRUE,TRUE,TRUE,TRUE,TRUE,TRUE,TRUE,TRUE,TRUE,TRUE
QVRXT1QgIDIyNg,ATWOOD TRACY D,42,STATE REPRESENTATIVE,2,D,0,0,0,null,,QVRXT1QgIDIyNg,ATWOOD TRACY D,42,STATE REPRESENTATIVE,2,D,0,0,0,null,,TRUE,TRUE,TRUE,TRUE,TRUE,TRUE,TRUE,TRUE,TRUE,TRUE
QlVSTkogIDIyNQ,BURNS GERALD,42,STATE REPRESENTATIVE,2,L,0,0,0,null,,QlVSTkogIDIyNQ,BURNS GERALD,42,STATE REPRESENTATIVE,2,L,0,0,0,null,,TRUE,TRUE,TRUE,TRUE,TRUE,TRUE,TRUE,TRUE,TRUE,TRUE
QlVZU1YgIDI2NA,BUYS VINCENT K,42,STATE REPRESENTATIVE,2,R,67863.69,66599.72,229,76.40422512,,QlVZU1YgIDI2NA,BUYS VINCENT K,42,STATE REPRESENTATIVE,2,R,67863.69,66599.72,229,76.40422512,,TRUE,TRUE,TRUE,TRUE,TRUE,TRUE,TRUE,TRUE,TRUE,TRUE
RElDS0QgIDI0Nw,DICKSON DALE R,42,STATE REPRESENTATIVE,2,I,0,0,0,null,,RElDS0QgIDI0Nw,DICKSON DALE R,42,STATE REPRESENTATIVE,2,I,0,0,0,null,,TRUE,TRUE,TRUE,TRUE,TRUE,TRUE,TRUE,TRUE,TRUE,TRUE
QVNLSUQgIDEwMg,ASKINI DANIELLE N,43,STATE REPRESENTATIVE,1,D,33093.47,33208,429,77.54456757,,QVNLSUQgIDEwMg,ASKINI DANIELLE N,43,STATE REPRESENTATIVE,1,D,33093.47,33208,429,77.54456757,,TRUE,TRUE,TRUE,TRUE,TRUE,TRUE,TRUE,TRUE,TRUE,TRUE
Q09VUk0gIDEwMg,COURTNEY MARCUS R,43,STATE REPRESENTATIVE,1,D,61774.68,61779.68,327,86.67811164,,Q09VUk0gIDEwMg,COURTNEY MARCUS R,43,STATE REPRESENTATIVE,1,D,61774.68,61779.68,327,86.67811164,,TRUE,TRUE,TRUE,TRUE,TRUE,TRUE,TRUE,TRUE,TRUE,TRUE
RUREWUogIDExNQ,EDDY JOHN D,43,STATE REPRESENTATIVE,1,NO,170,170,1,0,,RUREWUogIDExNQ,EDDY JOHN D,43,STATE REPRESENTATIVE,1,NO,170,170,1,0,,TRUE,TRUE,TRUE,TRUE,TRUE,TRUE,TRUE,TRUE,TRUE,TRUE
Rk9SQk0gIDEwMg,FORBES MICHAEL S,43,STATE REPRESENTATIVE,1,D,20737.99,20737.99,108,88.05091525,,Rk9SQk0gIDEwMg,FORBES MICHAEL S,43,STATE REPRESENTATIVE,1,D,20737.99,20737.99,108,88.05091525,,TRUE,TRUE,TRUE,TRUE,TRUE,TRUE,TRUE,TRUE,TRUE,TRUE
TUFDUk4gIDEwOQ,MACRI NICOLE,43,STATE REPRESENTATIVE,1,D,101276.15,101276.15,675,74.97733672,,TUFDUk4gIDEwOQ,MACRI NICOLE,43,STATE REPRESENTATIVE,1,D,101276.15,101276.15,675,74.97733672,,TRUE,TRUE,TRUE,TRUE,TRUE,TRUE,TRUE,TRUE,TRUE,TRUE
UElUQ1QgIDEyMg,PITCHFORD THOMAS B,43,STATE REPRESENTATIVE,1,D,34880.3,34880.3,220,81.22349865,,UElUQ1QgIDEyMg,PITCHFORD THOMAS B,43,STATE REPRESENTATIVE,1,D,34880.3,34880.3,220,81.22349865,,TRUE,TRUE,TRUE,TRUE,TRUE,TRUE,TRUE,TRUE,TRUE,TRUE
UkFOQVMgIDExMQ,RANADE SAMEER D,43,STATE REPRESENTATIVE,1,D,36568.12,36808.12,318,81.3566137,,UkFOQVMgIDExMQ,RANADE SAMEER D,43,STATE REPRESENTATIVE,1,D,36568.12,36808.12,318,81.3566137,,TRUE,TRUE,TRUE,TRUE,TRUE,TRUE,TRUE,TRUE,TRUE,TRUE
U0hJSEQgIDEwMQ,SHIH DANIEL J,43,STATE REPRESENTATIVE,1,D,157133.26,157133.26,813,84.20106603,,U0hJSEQgIDEwMQ,SHIH DANIEL J,43,STATE REPRESENTATIVE,1,D,157133.26,157133.26,813,84.20106603,,TRUE,TRUE,TRUE,TRUE,TRUE,TRUE,TRUE,TRUE,TRUE,TRUE
V0FMS0IgIDEwMw,WALKINSHAW BRADY P,43,STATE REPRESENTATIVE,1,D,64252.14,11750,19,66.80851064,,V0FMS0IgIDEwMw,WALKINSHAW BRADY P,43,STATE REPRESENTATIVE,1,D,64252.14,11750,19,66.80851064,,TRUE,TRUE,TRUE,TRUE,TRUE,TRUE,TRUE,TRUE,TRUE,TRUE
WkFFUlogIDEwMQ,ZAERR ZACHARY J,43,STATE REPRESENTATIVE,1,R,0,0,0,null,,WkFFUlogIDEwMQ,ZAERR ZACHARY J,43,STATE REPRESENTATIVE,1,R,0,0,0,null,,TRUE,TRUE,TRUE,TRUE,TRUE,TRUE,TRUE,TRUE,TRUE,TRUE
Q0hPUEYgIDEwMw,CHOPP FRANK V,43,STATE REPRESENTATIVE,2,D,166411.21,159382.11,276,84.92797592,,Q0hPUEYgIDEwMw,CHOPP FRANK V,43,STATE REPRESENTATIVE,2,D,166411.21,159382.11,276,84.92797592,,TRUE,TRUE,TRUE,TRUE,TRUE,TRUE,TRUE,TRUE,TRUE,TRUE
QUdZRVcgIDIwOA,AGYEKUM WILBERFORCE O,44,STATE REPRESENTATIVE,1,N,100,100,1,0,,QUdZRVcgIDIwOA,AGYEKUM WILBERFORCE O,44,STATE REPRESENTATIVE,1,N,100,100,1,0,,TRUE,TRUE,TRUE,TRUE,TRUE,TRUE,TRUE,TRUE,TRUE,TRUE
RFVOU0ggIDI5MQ,DUNSHEE HANS M,44,STATE REPRESENTATIVE,1,D,19187.98,21150,38,99.52718676,,RFVOU0ggIDI5MQ,DUNSHEE HANS M,44,STATE REPRESENTATIVE,1,D,19187.98,21150,38,99.52718676,,TRUE,TRUE,TRUE,TRUE,TRUE,TRUE,TRUE,TRUE,TRUE,TRUE
SFVYRkogIDI1OA,HUXFORD JANICE,44,STATE REPRESENTATIVE,1,R,100914.04,100578.04,265,62.9461461,,SFVYRkogIDI1OA,HUXFORD JANICE,44,STATE REPRESENTATIVE,1,R,100914.04,100578.04,265,62.9461461,,TRUE,TRUE,TRUE,TRUE,TRUE,TRUE,TRUE,TRUE,TRUE,TRUE
TE9WSUogIDAxMg,LOVICK JOHNNY R,44,STATE REPRESENTATIVE,1,D,106771.31,107271.31,199,72.07612175,,TE9WSUogIDAxMg,LOVICK JOHNNY R,44,STATE REPRESENTATIVE,1,D,106771.31,107271.31,199,72.07612175,,TRUE,TRUE,TRUE,TRUE,TRUE,TRUE,TRUE,TRUE,TRUE,TRUE
RU5EUkMgIDIwOA,ENDRESON CHASE T,44,STATE REPRESENTATIVE,2,N,0,0,0,null,,RU5EUkMgIDIwOA,ENDRESON CHASE T,44,STATE REPRESENTATIVE,2,N,0,0,0,null,,TRUE,TRUE,TRUE,TRUE,TRUE,TRUE,TRUE,TRUE,TRUE,TRUE
SEFSTU0gIDAxMg,HARMSWORTH MARK J,44,STATE REPRESENTATIVE,2,R,67134.21,64758.53,219,85.02354825,,SEFSTU0gIDAxMg,HARMSWORTH MARK J,44,STATE REPRESENTATIVE,2,R,67134.21,64758.53,219,85.02354825,,TRUE,TRUE,TRUE,TRUE,TRUE,TRUE,TRUE,TRUE,TRUE,TRUE
TVVMTE0gIDI5MA,MULLER MORREL J,44,STATE REPRESENTATIVE,2,D,0,0,0,null,,TVVMTE0gIDI5MA,MULLER MORREL J,44,STATE REPRESENTATIVE,2,D,0,0,0,null,,TRUE,TRUE,TRUE,TRUE,TRUE,TRUE,TRUE,TRUE,TRUE,TRUE
T05EUksgIDI1OA,ONDRACEK KATRINA,44,STATE REPRESENTATIVE,2,D,61954.74,61954.74,72,80.90583545,,T05EUksgIDI1OA,ONDRACEK KATRINA,44,STATE REPRESENTATIVE,2,D,61954.74,61954.74,72,80.90583545,,TRUE,TRUE,TRUE,TRUE,TRUE,TRUE,TRUE,TRUE,TRUE,TRUE
R09PRFIgIDAzMw,GOODMAN ROGER E,45,STATE REPRESENTATIVE,1,D,125932.63,111105.89,301,75.39744293,,R09PRFIgIDAzMw,GOODMAN ROGER E,45,STATE REPRESENTATIVE,1,D,125932.63,111105.89,301,75.39744293,,TRUE,TRUE,TRUE,TRUE,TRUE,TRUE,TRUE,TRUE,TRUE,TRUE
VkFMRFIgIDA3NA,VALDERRAMA RAMIRO M,45,STATE REPRESENTATIVE,1,R,49250.29,48650.29,230,51.14871874,,VkFMRFIgIDA3NA,VALDERRAMA RAMIRO M,45,STATE REPRESENTATIVE,1,R,49250.29,48650.29,230,51.14871874,,TRUE,TRUE,TRUE,TRUE,TRUE,TRUE,TRUE,TRUE,TRUE,TRUE
U1BSSUwgIDAzMw,SPRINGER LAWRENCE S,45,STATE REPRESENTATIVE,2,D,113892.62,96979.74,155,98.88663343,,U1BSSUwgIDAzMw,SPRINGER LAWRENCE S,45,STATE REPRESENTATIVE,2,D,113892.62,96979.74,155,98.88663343,,TRUE,TRUE,TRUE,TRUE,TRUE,TRUE,TRUE,TRUE,TRUE,TRUE
UE9MTEcgIDExNQ,POLLET GERALD M,46,STATE REPRESENTATIVE,1,D,34817.43,28795,151,71.94304567,,UE9MTEcgIDExNQ,POLLET GERALD M,46,STATE REPRESENTATIVE,1,D,34817.43,28795,151,71.94304567,,TRUE,TRUE,TRUE,TRUE,TRUE,TRUE,TRUE,TRUE,TRUE,TRUE
VklTS1MgIDExNQ,VISKOVICH STEPHANIE H,46,STATE REPRESENTATIVE,1,L,3907.72,3445.14,17,31.49364032,,VklTS1MgIDExNQ,VISKOVICH STEPHANIE H,46,STATE REPRESENTATIVE,1,L,3907.72,3445.14,17,31.49364032,,TRUE,TRUE,TRUE,TRUE,TRUE,TRUE,TRUE,TRUE,TRUE,TRUE
RkFSUkogIDEwMg,FARRELL JESSYN S,46,STATE REPRESENTATIVE,2,D,57763.04,49639.23,184,85.57344665,,RkFSUkogIDEwMg,FARRELL JESSYN S,46,STATE REPRESENTATIVE,2,D,57763.04,49639.23,184,85.57344665,,TRUE,TRUE,TRUE,TRUE,TRUE,TRUE,TRUE,TRUE,TRUE,TRUE
SEFSR00gIDA0Mg,HARGROVE MARK D,47,STATE REPRESENTATIVE,1,R,42411.08,40862.01,147,82.57905081,,SEFSR00gIDA0Mg,HARGROVE MARK D,47,STATE REPRESENTATIVE,1,R,42411.08,40862.01,147,82.57905081,,TRUE,TRUE,TRUE,TRUE,TRUE,TRUE,TRUE,TRUE,TRUE,TRUE
VkFMRUIgIDA0Mg,VALENTINE BROOKE N,47,STATE REPRESENTATIVE,1,D,26817.29,26967.29,126,90.27603441,,VkFMRUIgIDA0Mg,VALENTINE BROOKE N,47,STATE REPRESENTATIVE,1,D,26817.29,26967.29,126,90.27603441,,TRUE,TRUE,TRUE,TRUE,TRUE,TRUE,TRUE,TRUE,TRUE,TRUE
S05PV0IgIDA0Mg,KNOWLES BARRY D,47,STATE REPRESENTATIVE,2,R,24096.01,24496.01,110,45.037947,,S05PV0IgIDA0Mg,KNOWLES BARRY D,47,STATE REPRESENTATIVE,2,R,24096.01,24496.01,110,45.037947,,TRUE,TRUE,TRUE,TRUE,TRUE,TRUE,TRUE,TRUE,TRUE,TRUE
U1VMTFAgIDA0Mg,SULLIVAN PATRICK J,47,STATE REPRESENTATIVE,2,D,226499.62,186728.39,330,96.00575467,,U1VMTFAgIDA0Mg,SULLIVAN PATRICK J,47,STATE REPRESENTATIVE,2,D,226499.62,186728.39,330,96.00575467,,TRUE,TRUE,TRUE,TRUE,TRUE,TRUE,TRUE,TRUE,TRUE,TRUE
REFSTkwgIDAzMw,DARNELL LINDA (MICHELLE),48,STATE REPRESENTATIVE,1,L,12667.71,12367.71,90,61.32097211,,REFSTkwgIDAzMw,DARNELL LINDA (MICHELLE),48,STATE REPRESENTATIVE,1,L,12667.71,12367.71,90,61.32097211,,TRUE,TRUE,TRUE,TRUE,TRUE,TRUE,TRUE,TRUE,TRUE,TRUE
SFVOVFIgIDAzOQ,HUNTER ROSS A,48,STATE REPRESENTATIVE,1,D,8917.42,0,0,null,,SFVOVFIgIDAzOQ,HUNTER ROSS A,48,STATE REPRESENTATIVE,1,D,8917.42,0,0,null,,TRUE,TRUE,TRUE,TRUE,TRUE,TRUE,TRUE,TRUE,TRUE,TRUE
S1VERVAgIDAwNA,KUDERER PATRICIA E,48,STATE REPRESENTATIVE,1,D,55408.09,55408.09,249,71.47331734,,S1VERVAgIDAwNA,KUDERER PATRICIA E,48,STATE REPRESENTATIVE,1,D,55408.09,55408.09,249,71.47331734,,TRUE,TRUE,TRUE,TRUE,TRUE,TRUE,TRUE,TRUE,TRUE,TRUE
TUNCUkogIDAzMw,MCBRIDE JOAN L,48,STATE REPRESENTATIVE,2,D,103484,81174.4,199,60.32690109,,TUNCUkogIDAzMw,MCBRIDE JOAN L,48,STATE REPRESENTATIVE,2,D,103484,81174.4,199,60.32690109,,TRUE,TRUE,TRUE,TRUE,TRUE,TRUE,TRUE,TRUE,TRUE,TRUE
UEhFTEIgIDAwOA,PHELPS BENJAMIN J,48,STATE REPRESENTATIVE,2,L,0,0,0,null,,UEhFTEIgIDAwOA,PHELPS BENJAMIN J,48,STATE REPRESENTATIVE,2,L,0,0,0,null,,TRUE,TRUE,TRUE,TRUE,TRUE,TRUE,TRUE,TRUE,TRUE,TRUE
Q0xFVkEgIDY2MA,CLEVELAND ANNETTE M,49,STATE SENATOR,&nbsp;,D,166752.4,167120.32,475,86.06237111,,Q0xFVkEgIDY2MA,CLEVELAND ANNETTE M,49,STATE SENATOR,&nbsp;,D,166752.4,167120.32,475,86.06237111,,TRUE,TRUE,TRUE,TRUE,TRUE,TRUE,TRUE,TRUE,TRUE,TRUE
Rk9SU0ogIDY2MA,FORSMAN JUSTIN M,49,STATE SENATOR,&nbsp;,O,0,0,0,null,,Rk9SU0ogIDY2MA,FORSMAN JUSTIN M,49,STATE SENATOR,&nbsp;,O,0,0,0,null,,TRUE,TRUE,TRUE,TRUE,TRUE,TRUE,TRUE,TRUE,TRUE,TRUE
R0VSSEwgIDY2NA,GERHARDT LEWIS M JR,49,STATE SENATOR,&nbsp;,R,1410.02,1410.02,13,62.05585736,,R0VSSEwgIDY2NA,GERHARDT LEWIS M JR,49,STATE SENATOR,&nbsp;,R,1410.02,1410.02,13,62.05585736,,TRUE,TRUE,TRUE,TRUE,TRUE,TRUE,TRUE,TRUE,TRUE,TRUE
SEVORFYgIDY2Mg,HENDERSON VAUGHN G,49,STATE SENATOR,&nbsp;,D,0,0,0,null,,SEVORFYgIDY2Mg,HENDERSON VAUGHN G,49,STATE SENATOR,&nbsp;,D,0,0,0,null,,TRUE,TRUE,TRUE,TRUE,TRUE,TRUE,TRUE,TRUE,TRUE,TRUE
QkVDS0IgIDY2MA,BECK BRICE E,49,STATE REPRESENTATIVE,1,O,0,0,0,null,,QkVDS0IgIDY2MA,BECK BRICE E,49,STATE REPRESENTATIVE,1,O,0,0,0,null,,TRUE,TRUE,TRUE,TRUE,TRUE,TRUE,TRUE,TRUE,TRUE,TRUE
VkFOREQgIDY2NQ,VAN DYKE DONALD E,49,STATE REPRESENTATIVE,1,R,0,0,0,null,,VkFOREQgIDY2NQ,VAN DYKE DONALD E,49,STATE REPRESENTATIVE,1,R,0,0,0,null,,TRUE,TRUE,TRUE,TRUE,TRUE,TRUE,TRUE,TRUE,TRUE,TRUE
V1lMSVMgIDY2MA,WYLIE SHARON L,49,STATE REPRESENTATIVE,1,D,49763.73,51404.73,151,74.03987921,,V1lMSVMgIDY2MA,WYLIE SHARON L,49,STATE REPRESENTATIVE,1,D,49763.73,51404.73,151,74.03987921,,TRUE,TRUE,TRUE,TRUE,TRUE,TRUE,TRUE,TRUE,TRUE,TRUE
Q1JBSUMgIDY2MQ,CRAIN CAROLYN I,49,STATE REPRESENTATIVE,2,R,7626.29,7626.29,30,15.40722947,,Q1JBSUMgIDY2MQ,CRAIN CAROLYN I,49,STATE REPRESENTATIVE,2,R,7626.29,7626.29,30,15.40722947,,TRUE,TRUE,TRUE,TRUE,TRUE,TRUE,TRUE,TRUE,TRUE,TRUE
TUNMQVcgIDY2MQ,MCLAREN WADE R,49,STATE REPRESENTATIVE,2,R,444,444,7,56.30630631,,TUNMQVcgIDY2MQ,MCLAREN WADE R,49,STATE REPRESENTATIVE,2,R,444,444,7,56.30630631,,TRUE,TRUE,TRUE,TRUE,TRUE,TRUE,TRUE,TRUE,TRUE,TRUE
TU9FTEogIDY2Mw,MOELLER JAMES C,49,STATE REPRESENTATIVE,2,D,6741.47,4360,8,100,,TU9FTEogIDY2Mw,MOELLER JAMES C,49,STATE REPRESENTATIVE,2,D,6741.47,4360,8,100,,TRUE,TRUE,TRUE,TRUE,TRUE,TRUE,TRUE,TRUE,TRUE,TRUE
Uk9TU0wgIDY2NQ,ROSS LISA P,49,STATE REPRESENTATIVE,2,R,392.98,0,0,null,,Uk9TU0wgIDY2NQ,ROSS LISA P,49,STATE REPRESENTATIVE,2,R,392.98,0,0,null,,TRUE,TRUE,TRUE,TRUE,TRUE,TRUE,TRUE,TRUE,TRUE,TRUE
U1RPTk0gIDY4Nw,STONIER MONICA J,49,STATE REPRESENTATIVE,2,D,76079.55,59956.44,323,74.08044907,,U1RPTk0gIDY4Nw,STONIER MONICA J,49,STATE REPRESENTATIVE,2,D,76079.55,59956.44,323,74.08044907,,TRUE,TRUE,TRUE,TRUE,TRUE,TRUE,TRUE,TRUE,TRUE,TRUE
VE9QUEEgIDY2Ng,TOPPER ALISHIA F,49,STATE REPRESENTATIVE,2,D,81383.7,81603.7,296,56.44351911,,VE9QUEEgIDY2Ng,TOPPER ALISHIA F,49,STATE REPRESENTATIVE,2,D,81383.7,81603.7,296,56.44351911,,TRUE,TRUE,TRUE,TRUE,TRUE,TRUE,TRUE,TRUE,TRUE,TRUE
